Country,Region,Test,Round,Year,Subject,Mean,StDev,Per5,Per10,Per25,Per75,Per90,Per95,Mean-M,Mean-F,Con-Num,Con-Alg,Con-Meas,Con-Geom,Con-Data,Con-Num-F,Con-Num-M,Con-Alg-F,Con-Alg-M,Con-Meas-F,Con-Meas-M,Con-Geom-F,Con-Geom-M,Con-Data-F,Con-Data-M,Con-SS,Con-SS-M,Con-SS-F,Con-CR,Con-CR-M,Con-CR-F,Con-Quant,Con-Quant-M,Con-Quant-F,Con-Un,Con-Un-M,Con-Un-F
Australia,Western,PISA,1,2003,Math,524,95,364,399,460,592,645,676,527,522,NA,NA,NA,NA,NA,NA,NA,NA,NA,NA,NA,NA,NA,NA,NA,521,526,515,525,527,523,517,518,516,531,535,527
Austria,Western,PISA,1,2003,Math,506,93,353,384,439,571,626,658,509,502,NA,NA,NA,NA,NA,NA,NA,NA,NA,NA,NA,NA,NA,NA,NA,515,525,506,500,502,497,513,515,512,494,498,490
Belgium,Western,PISA,1,2003,Math,529,110,334,381,456,611,664,693,533,525,NA,NA,NA,NA,NA,NA,NA,NA,NA,NA,NA,NA,NA,NA,NA,530,538,520,535,539,531,530,530,529,526,529,522
Canada,Western,PISA,1,2003,Math,532,87,386,419,474,593,644,673,541,530,NA,NA,NA,NA,NA,NA,NA,NA,NA,NA,NA,NA,NA,NA,NA,518,530,511,537,546,532,528,533,528,542,551,538
Czech Republic,Eastern,PISA,1,2003,Math,516,96,358,392,449,584,641,672,524,509,NA,NA,NA,NA,NA,NA,NA,NA,NA,NA,NA,NA,NA,NA,NA,527,542,512,515,521,508,528,531,525,500,509,492
Denmark,Western,PISA,1,2003,Math,514,91,361,396,453,578,632,662,523,506,NA,NA,NA,NA,NA,NA,NA,NA,NA,NA,NA,NA,NA,NA,NA,512,521,504,509,520,499,516,520,511,516,527,505
Finland,Western,PISA,1,2003,Math,544,84,406,438,488,603,652,680,548,541,NA,NA,NA,NA,NA,NA,NA,NA,NA,NA,NA,NA,NA,NA,NA,539,540,538,543,549,537,549,550,547,545,551,539
France,Western,PISA,1,2003,Math,511,92,352,389,449,575,628,656,515,507,NA,NA,NA,NA,NA,NA,NA,NA,NA,NA,NA,NA,NA,NA,NA,508,517,499,520,522,518,507,508,506,506,512,501
Germany,Western,PISA,1,2003,Math,503,103,324,363,432,578,632,662,508,499,NA,NA,NA,NA,NA,NA,NA,NA,NA,NA,NA,NA,NA,NA,NA,500,506,494,507,514,502,514,515,514,493,502,484
Greece,Western,PISA,1,2003,Math,445,94,288,324,382,508,566,598,455,436,NA,NA,NA,NA,NA,NA,NA,NA,NA,NA,NA,NA,NA,NA,NA,437,447,428,436,445,427,446,458,435,458,469,449
Hungary,Western,PISA,1,2003,Math,490,94,335,370,426,556,611,644,494,486,NA,NA,NA,NA,NA,NA,NA,NA,NA,NA,NA,NA,NA,NA,NA,479,486,471,495,499,490,496,497,495,489,493,485
Iceland,Western,PISA,1,2003,Math,515,90,362,396,454,578,629,658,508,523,NA,NA,NA,NA,NA,NA,NA,NA,NA,NA,NA,NA,NA,NA,NA,504,496,511,509,505,514,513,500,528,528,524,532
Ireland,Western,PISA,1,2003,Math,503,85,360,393,445,562,614,641,510,495,NA,NA,NA,NA,NA,NA,NA,NA,NA,NA,NA,NA,NA,NA,NA,476,489,463,506,512,500,502,506,497,517,525,509
Italy,Western,PISA,1,2003,Math,466,96,307,342,400,530,589,623,475,457,NA,NA,NA,NA,NA,NA,NA,NA,NA,NA,NA,NA,NA,NA,NA,470,480,462,452,463,442,475,481,469,463,475,451
Japan,Eastern,PISA,1,2003,Math,534,101,361,402,467,605,660,690,539,530,NA,NA,NA,NA,NA,NA,NA,NA,NA,NA,NA,NA,NA,NA,NA,553,558,549,536,539,533,527,528,525,528,535,521
Korea,Eastern,PISA,1,2003,Math,542,92,388,423,479,606,659,690,552,528,NA,NA,NA,NA,NA,NA,NA,NA,NA,NA,NA,NA,NA,NA,NA,552,563,536,548,558,532,537,546,524,538,547,525
Luxembourg,Western,PISA,1,2003,Math,493,92,338,373,430,557,611,641,502,485,NA,NA,NA,NA,NA,NA,NA,NA,NA,NA,NA,NA,NA,NA,NA,488,503,474,487,494,480,501,506,497,492,503,481
Mexico,Western,PISA,1,2003,Math,385,85,247,276,327,444,497,527,391,380,NA,NA,NA,NA,NA,NA,NA,NA,NA,NA,NA,NA,NA,NA,NA,382,390,374,364,368,360,394,400,388,390,392,388
Netherlands,Western,PISA,1,2003,Math,538,93,385,415,471,608,657,683,540,535,NA,NA,NA,NA,NA,NA,NA,NA,NA,NA,NA,NA,NA,NA,NA,526,530,522,551,554,548,528,526,530,549,554,544
New Zealand,Western,PISA,1,2003,Math,523,98,358,394,455,593,650,682,531,516,NA,NA,NA,NA,NA,NA,NA,NA,NA,NA,NA,NA,NA,NA,NA,525,534,516,526,534,517,511,517,505,532,538,526
Norway,Western,PISA,1,2003,Math,495,92,343,376,433,560,614,645,498,492,NA,NA,NA,NA,NA,NA,NA,NA,NA,NA,NA,NA,NA,NA,NA,483,486,479,488,490,486,494,494,494,513,518,508
Poland,Western,PISA,1,2003,Math,490,90,343,376,428,553,607,640,493,487,NA,NA,NA,NA,NA,NA,NA,NA,NA,NA,NA,NA,NA,NA,NA,490,497,484,484,488,481,492,493,491,494,495,492
Portugal,Western,PISA,1,2003,Math,466,88,321,352,406,526,580,610,472,460,NA,NA,NA,NA,NA,NA,NA,NA,NA,NA,NA,NA,NA,NA,NA,450,458,443,468,475,462,465,473,459,471,476,466
Slovak Republic,Eastern,PISA,1,2003,Math,498,93,342,379,436,565,619,648,507,489,NA,NA,NA,NA,NA,NA,NA,NA,NA,NA,NA,NA,NA,NA,NA,505,522,487,494,502,486,513,519,506,476,484,467
Spain,Western,PISA,1,2003,Math,485,88,335,369,426,546,597,626,490,481,NA,NA,NA,NA,NA,NA,NA,NA,NA,NA,NA,NA,NA,NA,NA,476,486,467,481,485,477,492,495,490,489,493,485
Sweden,Western,PISA,1,2003,Math,509,95,353,387,446,576,630,662,512,506,NA,NA,NA,NA,NA,NA,NA,NA,NA,NA,NA,NA,NA,NA,NA,498,503,493,505,506,504,514,515,512,511,515,506
Switzerland,Western,PISA,1,2003,Math,527,98,359,396,461,595,652,684,535,518,NA,NA,NA,NA,NA,NA,NA,NA,NA,NA,NA,NA,NA,NA,NA,540,552,526,523,530,515,533,536,529,517,526,506
Turkey,Western,PISA,1,2003,Math,423,105,270,300,351,485,560,614,430,415,NA,NA,NA,NA,NA,NA,NA,NA,NA,NA,NA,NA,NA,NA,NA,417,423,411,423,425,419,413,421,404,443,451,432
United States,Western,PISA,1,2003,Math,483,95,323,356,418,550,607,638,486,480,NA,NA,NA,NA,NA,NA,NA,NA,NA,NA,NA,NA,NA,NA,NA,472,480,464,486,488,483,476,478,474,491,493,490
Brazil,Western,PISA,1,2003,Math,356,100,203,233,286,419,488,528,365,348,NA,NA,NA,NA,NA,NA,NA,NA,NA,NA,NA,NA,NA,NA,NA,350,358,343,333,344,324,360,370,351,377,385,369
Hong Kong SAR,Eastern,PISA,1,2003,Math,550,100,374,417,485,622,672,700,552,548,NA,NA,NA,NA,NA,NA,NA,NA,NA,NA,NA,NA,NA,NA,NA,558,560,556,540,540,539,545,544,546,558,564,552
Indonesia,Eastern,PISA,1,2003,Math,360,81,233,260,306,412,466,499,362,358,NA,NA,NA,NA,NA,NA,NA,NA,NA,NA,NA,NA,NA,NA,NA,361,369,353,334,336,332,357,359,356,385,382,387
Latvia,Eastern,PISA,1,2003,Math,483,88,339,371,424,544,596,626,485,482,NA,NA,NA,NA,NA,NA,NA,NA,NA,NA,NA,NA,NA,NA,NA,486,494,480,487,487,488,482,483,480,474,474,474
Liechtenstein,Western,PISA,1,2003,Math,536,99,362,408,470,609,655,686,550,521,NA,NA,NA,NA,NA,NA,NA,NA,NA,NA,NA,NA,NA,NA,NA,538,557,518,540,552,526,534,544,523,523,538,508
Macao-China,Eastern,PISA,1,2003,Math,527,87,382,414,467,587,639,668,538,517,NA,NA,NA,NA,NA,NA,NA,NA,NA,NA,NA,NA,NA,NA,NA,528,540,517,519,529,509,533,542,525,532,541,523
Russian Federation,Eastern,PISA,1,2003,Math,468,92,319,351,406,530,588,622,473,463,NA,NA,NA,NA,NA,NA,NA,NA,NA,NA,NA,NA,NA,NA,NA,474,485,464,477,479,475,472,476,469,436,441,432
Serbia,Eastern,PISA,1,2003,Math,437,85,299,329,379,493,546,579,437,436,NA,NA,NA,NA,NA,NA,NA,NA,NA,NA,NA,NA,NA,NA,NA,432,434,431,419,420,418,456,455,458,428,431,425
Thailand,Western,PISA,1,2003,Math,417,82,290,316,361,469,526,560,415,419,NA,NA,NA,NA,NA,NA,NA,NA,NA,NA,NA,NA,NA,NA,NA,424,426,422,405,400,409,415,412,417,423,420,425
Tunisia,Western,PISA,1,2003,Math,359,82,229,256,303,412,466,501,365,353,NA,NA,NA,NA,NA,NA,NA,NA,NA,NA,NA,NA,NA,NA,NA,359,367,351,337,342,331,364,372,357,363,367,360
Uruguay,Western,PISA,1,2003,Math,422,100,255,291,353,491,550,583,428,416,NA,NA,NA,NA,NA,NA,NA,NA,NA,NA,NA,NA,NA,NA,NA,412,423,402,417,420,414,430,436,424,419,423,415
Australia,Western,PISA,1,2003,Science,525,102,351,391,457,596,652,686,525,525,NA,NA,NA,NA,NA,NA,NA,NA,NA,NA,NA,NA,NA,NA,NA,NA,NA,NA,NA,NA,NA,NA,NA,NA,NA,NA,NA
Austria,Western,PISA,1,2003,Science,491,97,327,363,423,561,615,644,490,492,NA,NA,NA,NA,NA,NA,NA,NA,NA,NA,NA,NA,NA,NA,NA,NA,NA,NA,NA,NA,NA,NA,NA,NA,NA,NA,NA
Belgium,Western,PISA,1,2003,Science,509,107,320,364,436,588,640,668,509,509,NA,NA,NA,NA,NA,NA,NA,NA,NA,NA,NA,NA,NA,NA,NA,NA,NA,NA,NA,NA,NA,NA,NA,NA,NA,NA,NA
Canada,Western,PISA,1,2003,Science,519,99,352,389,452,588,644,676,527,516,NA,NA,NA,NA,NA,NA,NA,NA,NA,NA,NA,NA,NA,NA,NA,NA,NA,NA,NA,NA,NA,NA,NA,NA,NA,NA,NA
Czech Republic,Eastern,PISA,1,2003,Science,523,101,356,391,453,594,652,686,526,520,NA,NA,NA,NA,NA,NA,NA,NA,NA,NA,NA,NA,NA,NA,NA,NA,NA,NA,NA,NA,NA,NA,NA,NA,NA,NA,NA
Denmark,Western,PISA,1,2003,Science,475,102,306,343,407,547,605,638,484,467,NA,NA,NA,NA,NA,NA,NA,NA,NA,NA,NA,NA,NA,NA,NA,NA,NA,NA,NA,NA,NA,NA,NA,NA,NA,NA,NA
Finland,Western,PISA,1,2003,Science,548,91,393,429,488,611,662,691,545,551,NA,NA,NA,NA,NA,NA,NA,NA,NA,NA,NA,NA,NA,NA,NA,NA,NA,NA,NA,NA,NA,NA,NA,NA,NA,NA,NA
France,Western,PISA,1,2003,Science,511,111,321,363,435,591,651,682,511,511,NA,NA,NA,NA,NA,NA,NA,NA,NA,NA,NA,NA,NA,NA,NA,NA,NA,NA,NA,NA,NA,NA,NA,NA,NA,NA,NA
Germany,Western,PISA,1,2003,Science,502,111,307,351,427,584,640,672,506,500,NA,NA,NA,NA,NA,NA,NA,NA,NA,NA,NA,NA,NA,NA,NA,NA,NA,NA,NA,NA,NA,NA,NA,NA,NA,NA,NA
Greece,Western,PISA,1,2003,Science,481,101,315,349,412,552,610,643,487,475,NA,NA,NA,NA,NA,NA,NA,NA,NA,NA,NA,NA,NA,NA,NA,NA,NA,NA,NA,NA,NA,NA,NA,NA,NA,NA,NA
Hungary,Western,PISA,1,2003,Science,503,97,340,375,437,572,628,658,503,504,NA,NA,NA,NA,NA,NA,NA,NA,NA,NA,NA,NA,NA,NA,NA,NA,NA,NA,NA,NA,NA,NA,NA,NA,NA,NA,NA
Iceland,Western,PISA,1,2003,Science,495,96,331,369,432,562,616,647,490,500,NA,NA,NA,NA,NA,NA,NA,NA,NA,NA,NA,NA,NA,NA,NA,NA,NA,NA,NA,NA,NA,NA,NA,NA,NA,NA,NA
Ireland,Western,PISA,1,2003,Science,505,93,348,384,442,572,625,652,506,504,NA,NA,NA,NA,NA,NA,NA,NA,NA,NA,NA,NA,NA,NA,NA,NA,NA,NA,NA,NA,NA,NA,NA,NA,NA,NA,NA
Italy,Western,PISA,1,2003,Science,486,108,303,344,415,563,622,656,490,484,NA,NA,NA,NA,NA,NA,NA,NA,NA,NA,NA,NA,NA,NA,NA,NA,NA,NA,NA,NA,NA,NA,NA,NA,NA,NA,NA
Japan,Eastern,PISA,1,2003,Science,548,109,357,402,475,624,682,715,550,546,NA,NA,NA,NA,NA,NA,NA,NA,NA,NA,NA,NA,NA,NA,NA,NA,NA,NA,NA,NA,NA,NA,NA,NA,NA,NA,NA
Korea,Eastern,PISA,1,2003,Science,538,101,365,405,473,609,663,695,546,527,NA,NA,NA,NA,NA,NA,NA,NA,NA,NA,NA,NA,NA,NA,NA,NA,NA,NA,NA,NA,NA,NA,NA,NA,NA,NA,NA
Luxembourg,Western,PISA,1,2003,Science,483,103,309,347,413,556,614,645,489,477,NA,NA,NA,NA,NA,NA,NA,NA,NA,NA,NA,NA,NA,NA,NA,NA,NA,NA,NA,NA,NA,NA,NA,NA,NA,NA,NA
Mexico,Western,PISA,1,2003,Science,405,87,264,295,347,462,517,551,410,400,NA,NA,NA,NA,NA,NA,NA,NA,NA,NA,NA,NA,NA,NA,NA,NA,NA,NA,NA,NA,NA,NA,NA,NA,NA,NA,NA
Netherlands,Western,PISA,1,2003,Science,524,99,363,394,451,599,653,682,527,522,NA,NA,NA,NA,NA,NA,NA,NA,NA,NA,NA,NA,NA,NA,NA,NA,NA,NA,NA,NA,NA,NA,NA,NA,NA,NA,NA
New Zealand,Western,PISA,1,2003,Science,521,104,347,382,448,596,653,687,529,513,NA,NA,NA,NA,NA,NA,NA,NA,NA,NA,NA,NA,NA,NA,NA,NA,NA,NA,NA,NA,NA,NA,NA,NA,NA,NA,NA
Norway,Western,PISA,1,2003,Science,484,104,312,349,414,557,616,651,485,483,NA,NA,NA,NA,NA,NA,NA,NA,NA,NA,NA,NA,NA,NA,NA,NA,NA,NA,NA,NA,NA,NA,NA,NA,NA,NA,NA
Poland,Western,PISA,1,2003,Science,498,102,333,367,426,570,630,666,501,494,NA,NA,NA,NA,NA,NA,NA,NA,NA,NA,NA,NA,NA,NA,NA,NA,NA,NA,NA,NA,NA,NA,NA,NA,NA,NA,NA
Portugal,Western,PISA,1,2003,Science,468,93,310,346,405,533,587,618,471,465,NA,NA,NA,NA,NA,NA,NA,NA,NA,NA,NA,NA,NA,NA,NA,NA,NA,NA,NA,NA,NA,NA,NA,NA,NA,NA,NA
Slovak Republic,Eastern,PISA,1,2003,Science,495,102,331,367,428,566,625,657,502,487,NA,NA,NA,NA,NA,NA,NA,NA,NA,NA,NA,NA,NA,NA,NA,NA,NA,NA,NA,NA,NA,NA,NA,NA,NA,NA,NA
Spain,Western,PISA,1,2003,Science,487,100,318,355,421,557,613,644,489,485,NA,NA,NA,NA,NA,NA,NA,NA,NA,NA,NA,NA,NA,NA,NA,NA,NA,NA,NA,NA,NA,NA,NA,NA,NA,NA,NA
Sweden,Western,PISA,1,2003,Science,506,107,327,368,435,581,642,673,509,504,NA,NA,NA,NA,NA,NA,NA,NA,NA,NA,NA,NA,NA,NA,NA,NA,NA,NA,NA,NA,NA,NA,NA,NA,NA,NA,NA
Switzerland,Western,PISA,1,2003,Science,513,108,328,369,440,588,648,683,518,508,NA,NA,NA,NA,NA,NA,NA,NA,NA,NA,NA,NA,NA,NA,NA,NA,NA,NA,NA,NA,NA,NA,NA,NA,NA,NA,NA
Turkey,Western,PISA,1,2003,Science,434,96,295,321,367,492,560,609,434,434,NA,NA,NA,NA,NA,NA,NA,NA,NA,NA,NA,NA,NA,NA,NA,NA,NA,NA,NA,NA,NA,NA,NA,NA,NA,NA,NA
United States,Western,PISA,1,2003,Science,491,102,322,359,420,564,622,654,494,489,NA,NA,NA,NA,NA,NA,NA,NA,NA,NA,NA,NA,NA,NA,NA,NA,NA,NA,NA,NA,NA,NA,NA,NA,NA,NA,NA
Brazil,Western,PISA,1,2003,Science,390,98,235,268,323,452,520,560,393,387,NA,NA,NA,NA,NA,NA,NA,NA,NA,NA,NA,NA,NA,NA,NA,NA,NA,NA,NA,NA,NA,NA,NA,NA,NA,NA,NA
Hong Kong SAR,Eastern,PISA,1,2003,Science,539,94,373,412,478,608,653,680,538,541,NA,NA,NA,NA,NA,NA,NA,NA,NA,NA,NA,NA,NA,NA,NA,NA,NA,NA,NA,NA,NA,NA,NA,NA,NA,NA,NA
Indonesia,Eastern,PISA,1,2003,Science,395,68,285,310,350,438,483,512,396,394,NA,NA,NA,NA,NA,NA,NA,NA,NA,NA,NA,NA,NA,NA,NA,NA,NA,NA,NA,NA,NA,NA,NA,NA,NA,NA,NA
Latvia,Eastern,PISA,1,2003,Science,489,93,336,370,425,553,609,642,487,491,NA,NA,NA,NA,NA,NA,NA,NA,NA,NA,NA,NA,NA,NA,NA,NA,NA,NA,NA,NA,NA,NA,NA,NA,NA,NA,NA
Liechtenstein,Western,PISA,1,2003,Science,525,103,351,389,450,598,659,690,538,512,NA,NA,NA,NA,NA,NA,NA,NA,NA,NA,NA,NA,NA,NA,NA,NA,NA,NA,NA,NA,NA,NA,NA,NA,NA,NA,NA
Macao-China,Eastern,PISA,1,2003,Science,525,88,375,410,465,587,635,663,529,521,NA,NA,NA,NA,NA,NA,NA,NA,NA,NA,NA,NA,NA,NA,NA,NA,NA,NA,NA,NA,NA,NA,NA,NA,NA,NA,NA
Russian Federation,Eastern,PISA,1,2003,Science,489,100,324,359,422,558,617,652,494,485,NA,NA,NA,NA,NA,NA,NA,NA,NA,NA,NA,NA,NA,NA,NA,NA,NA,NA,NA,NA,NA,NA,NA,NA,NA,NA,NA
Serbia,Eastern,PISA,1,2003,Science,436,83,305,332,380,492,544,576,434,439,NA,NA,NA,NA,NA,NA,NA,NA,NA,NA,NA,NA,NA,NA,NA,NA,NA,NA,NA,NA,NA,NA,NA,NA,NA,NA,NA
Thailand,Western,PISA,1,2003,Science,429,81,303,329,373,480,537,571,425,433,NA,NA,NA,NA,NA,NA,NA,NA,NA,NA,NA,NA,NA,NA,NA,NA,NA,NA,NA,NA,NA,NA,NA,NA,NA,NA,NA
Tunisia,Western,PISA,1,2003,Science,385,87,244,274,325,444,498,530,380,390,NA,NA,NA,NA,NA,NA,NA,NA,NA,NA,NA,NA,NA,NA,NA,NA,NA,NA,NA,NA,NA,NA,NA,NA,NA,NA,NA
Uruguay,Western,PISA,1,2003,Science,438,109,257,296,363,516,579,613,441,436,NA,NA,NA,NA,NA,NA,NA,NA,NA,NA,NA,NA,NA,NA,NA,NA,NA,NA,NA,NA,NA,NA,NA,NA,NA,NA,NA
Australia,Western,PISA,3,2012,Math,504,96,348,382,437,571,630,663,510,498,NA,NA,NA,NA,NA,NA,NA,NA,NA,NA,NA,NA,NA,NA,NA,497,506,486,509,515,503,500,505,495,508,511,504
Austria,Western,PISA,3,2012,Math,506,92,353,384,440,572,624,654,517,494,NA,NA,NA,NA,NA,NA,NA,NA,NA,NA,NA,NA,NA,NA,NA,501,519,483,506,518,495,510,519,502,499,508,489
Belgium,Western,PISA,3,2012,Math,515,102,342,378,443,589,646,677,520,509,NA,NA,NA,NA,NA,NA,NA,NA,NA,NA,NA,NA,NA,NA,NA,509,518,500,513,517,509,519,524,513,508,511,504
Canada,Western,PISA,3,2012,Math,518,89,370,402,457,580,633,663,523,513,NA,NA,NA,NA,NA,NA,NA,NA,NA,NA,NA,NA,NA,NA,NA,510,515,505,525,532,518,515,520,511,516,521,512
Chile,Western,PISA,3,2012,Math,423,81,299,323,365,476,532,563,436,411,NA,NA,NA,NA,NA,NA,NA,NA,NA,NA,NA,NA,NA,NA,NA,419,435,404,411,428,396,421,433,411,430,440,421
Czech Republic,Eastern,PISA,3,2012,Math,499,95,344,377,432,566,621,653,505,493,NA,NA,NA,NA,NA,NA,NA,NA,NA,NA,NA,NA,NA,NA,NA,499,509,487,499,503,496,505,510,500,488,493,483
Denmark,Western,PISA,3,2012,Math,500,82,363,393,444,556,607,635,507,493,NA,NA,NA,NA,NA,NA,NA,NA,NA,NA,NA,NA,NA,NA,NA,497,504,490,494,502,486,502,510,495,505,512,498
Estonia,Eastern,PISA,3,2012,Math,521,81,389,417,465,576,626,657,523,518,NA,NA,NA,NA,NA,NA,NA,NA,NA,NA,NA,NA,NA,NA,NA,513,515,510,530,533,527,525,528,521,510,513,507
Finland,Western,PISA,3,2012,Math,519,85,376,409,463,577,629,657,517,520,NA,NA,NA,NA,NA,NA,NA,NA,NA,NA,NA,NA,NA,NA,NA,507,506,507,520,521,520,527,525,528,519,516,521
France,Western,PISA,3,2012,Math,495,97,330,365,429,565,621,652,499,491,NA,NA,NA,NA,NA,NA,NA,NA,NA,NA,NA,NA,NA,NA,NA,489,497,481,497,503,491,496,501,492,492,492,492
Germany,Western,PISA,3,2012,Math,514,96,353,385,447,583,637,667,520,507,NA,NA,NA,NA,NA,NA,NA,NA,NA,NA,NA,NA,NA,NA,NA,507,515,499,516,521,510,517,524,510,509,516,502
Greece,Western,PISA,3,2012,Math,453,88,308,338,393,513,567,597,457,449,NA,NA,NA,NA,NA,NA,NA,NA,NA,NA,NA,NA,NA,NA,NA,436,442,431,446,448,444,455,461,450,460,463,458
Hungary,Western,PISA,3,2012,Math,477,94,327,358,411,540,603,637,482,473,NA,NA,NA,NA,NA,NA,NA,NA,NA,NA,NA,NA,NA,NA,NA,474,482,465,481,485,479,476,480,472,476,479,472
Iceland,Western,PISA,3,2012,Math,493,92,339,372,431,557,612,641,490,496,NA,NA,NA,NA,NA,NA,NA,NA,NA,NA,NA,NA,NA,NA,NA,489,485,493,487,485,488,496,494,499,496,491,501
Ireland,Western,PISA,3,2012,Math,501,85,359,391,445,559,610,640,509,494,NA,NA,NA,NA,NA,NA,NA,NA,NA,NA,NA,NA,NA,NA,NA,478,490,465,501,508,494,505,512,498,509,516,501
Israel,Western,PISA,3,2012,Math,466,105,292,328,393,541,603,639,472,461,NA,NA,NA,NA,NA,NA,NA,NA,NA,NA,NA,NA,NA,NA,NA,449,456,443,462,469,456,480,486,473,465,471,459
Italy,Western,PISA,3,2012,Math,485,93,333,366,421,550,607,639,494,476,NA,NA,NA,NA,NA,NA,NA,NA,NA,NA,NA,NA,NA,NA,NA,487,498,476,477,486,467,491,499,482,482,490,475
Japan,Eastern,PISA,3,2012,Math,536,94,377,415,473,603,657,686,545,527,NA,NA,NA,NA,NA,NA,NA,NA,NA,NA,NA,NA,NA,NA,NA,558,566,548,542,553,531,518,527,508,528,534,522
Korea,Eastern,PISA,3,2012,Math,554,99,386,425,486,624,679,710,562,544,NA,NA,NA,NA,NA,NA,NA,NA,NA,NA,NA,NA,NA,NA,NA,573,583,562,559,569,548,537,543,531,538,546,528
Luxembourg,Western,PISA,3,2012,Math,490,95,334,363,422,558,613,644,502,477,NA,NA,NA,NA,NA,NA,NA,NA,NA,NA,NA,NA,NA,NA,NA,486,503,469,488,500,475,495,506,483,483,494,471
Mexico,Western,PISA,3,2012,Math,413,74,295,320,362,462,510,539,420,406,NA,NA,NA,NA,NA,NA,NA,NA,NA,NA,NA,NA,NA,NA,NA,413,423,402,405,410,399,414,422,406,413,417,409
Netherlands,Western,PISA,3,2012,Math,523,92,367,397,457,591,638,665,528,518,NA,NA,NA,NA,NA,NA,NA,NA,NA,NA,NA,NA,NA,NA,NA,507,515,499,518,522,514,532,537,527,532,536,527
New Zealand,Western,PISA,3,2012,Math,500,100,340,371,428,570,632,665,507,492,NA,NA,NA,NA,NA,NA,NA,NA,NA,NA,NA,NA,NA,NA,NA,491,504,477,501,509,492,499,506,492,506,509,502
Norway,Western,PISA,3,2012,Math,489,90,341,373,428,552,604,638,490,488,NA,NA,NA,NA,NA,NA,NA,NA,NA,NA,NA,NA,NA,NA,NA,480,481,478,478,479,476,492,494,491,497,496,497
Poland,Western,PISA,3,2012,Math,518,90,373,402,454,580,636,669,520,516,NA,NA,NA,NA,NA,NA,NA,NA,NA,NA,NA,NA,NA,NA,NA,524,528,520,509,510,509,519,521,516,517,518,516
Portugal,Western,PISA,3,2012,Math,487,94,333,363,421,554,610,640,493,481,NA,NA,NA,NA,NA,NA,NA,NA,NA,NA,NA,NA,NA,NA,NA,491,498,483,486,490,482,481,487,475,486,492,480
Slovak Republic,Eastern,PISA,3,2012,Math,482,101,314,352,413,553,613,647,486,477,NA,NA,NA,NA,NA,NA,NA,NA,NA,NA,NA,NA,NA,NA,NA,490,496,482,474,476,472,486,492,481,472,477,466
Slovenia,Eastern,PISA,3,2012,Math,501,92,357,384,434,566,624,655,503,499,NA,NA,NA,NA,NA,NA,NA,NA,NA,NA,NA,NA,NA,NA,NA,503,506,500,499,501,497,504,508,500,496,495,497
Spain,Western,PISA,3,2012,Math,484,88,339,370,424,546,597,626,492,476,NA,NA,NA,NA,NA,NA,NA,NA,NA,NA,NA,NA,NA,NA,NA,477,486,468,482,490,473,491,501,481,487,495,478
Sweden,Western,PISA,3,2012,Math,478,92,329,360,415,543,596,627,477,480,NA,NA,NA,NA,NA,NA,NA,NA,NA,NA,NA,NA,NA,NA,NA,469,470,467,469,466,472,482,478,485,483,482,483
Switzerland,Western,PISA,3,2012,Math,531,94,374,408,466,597,651,681,537,524,NA,NA,NA,NA,NA,NA,NA,NA,NA,NA,NA,NA,NA,NA,NA,544,554,535,530,536,524,531,536,526,522,529,514
Turkey,Western,PISA,3,2012,Math,448,91,313,339,382,507,577,614,452,444,NA,NA,NA,NA,NA,NA,NA,NA,NA,NA,NA,NA,NA,NA,NA,443,449,437,448,448,449,442,449,435,447,452,443
United Kingdom,Western,PISA,3,2012,Math,494,95,336,371,429,560,616,648,500,488,NA,NA,NA,NA,NA,NA,NA,NA,NA,NA,NA,NA,NA,NA,NA,475,482,469,496,504,489,494,501,488,502,509,496
United States,Western,PISA,3,2012,Math,481,90,339,368,418,543,600,634,484,479,NA,NA,NA,NA,NA,NA,NA,NA,NA,NA,NA,NA,NA,NA,NA,463,467,460,488,490,486,478,481,475,488,489,487
Albania,Eastern,PISA,3,2012,Math,394,91,236,278,338,454,510,540,394,395,NA,NA,NA,NA,NA,NA,NA,NA,NA,NA,NA,NA,NA,NA,NA,418,413,423,388,387,389,386,389,383,386,385,388
Argentina,Western,PISA,3,2012,Math,388,77,264,292,337,440,488,514,396,382,NA,NA,NA,NA,NA,NA,NA,NA,NA,NA,NA,NA,NA,NA,NA,385,393,378,379,387,371,391,398,385,389,395,383
Brazil,Western,PISA,3,2012,Math,391,78,275,298,337,440,495,530,401,383,NA,NA,NA,NA,NA,NA,NA,NA,NA,NA,NA,NA,NA,NA,NA,381,393,369,372,382,362,393,403,384,402,408,396
Bulgaria,Eastern,PISA,3,2012,Math,439,94,290,320,372,503,565,597,438,440,NA,NA,NA,NA,NA,NA,NA,NA,NA,NA,NA,NA,NA,NA,NA,442,442,442,434,433,436,443,442,443,432,430,433
Colombia,Western,PISA,3,2012,Math,376,74,262,285,326,423,474,506,390,364,NA,NA,NA,NA,NA,NA,NA,NA,NA,NA,NA,NA,NA,NA,NA,369,387,353,357,372,343,375,392,360,388,395,382
Costa Rica,Western,PISA,3,2012,Math,407,68,301,323,361,449,496,525,420,396,NA,NA,NA,NA,NA,NA,NA,NA,NA,NA,NA,NA,NA,NA,NA,397,412,385,402,413,392,406,422,393,414,425,405
Croatia,Eastern,PISA,3,2012,Math,471,88,334,360,408,531,589,623,477,465,NA,NA,NA,NA,NA,NA,NA,NA,NA,NA,NA,NA,NA,NA,NA,460,468,452,468,470,465,480,488,472,468,473,463
Cyprus,Western,PISA,3,2012,Math,440,93,287,320,376,503,561,595,440,440,NA,NA,NA,NA,NA,NA,NA,NA,NA,NA,NA,NA,NA,NA,NA,436,439,433,440,439,441,439,439,438,442,440,444
Hong Kong SAR,Eastern,PISA,3,2012,Math,561,96,391,430,499,629,679,709,568,553,NA,NA,NA,NA,NA,NA,NA,NA,NA,NA,NA,NA,NA,NA,NA,567,576,555,564,572,556,566,570,561,553,559,547
Indonesia,Eastern,PISA,3,2012,Math,375,71,266,288,327,418,469,501,377,373,NA,NA,NA,NA,NA,NA,NA,NA,NA,NA,NA,NA,NA,NA,NA,383,393,371,364,364,365,362,364,361,384,383,385
Jordan,Western,PISA,3,2012,Math,386,78,263,290,335,435,485,514,375,396,NA,NA,NA,NA,NA,NA,NA,NA,NA,NA,NA,NA,NA,NA,NA,385,377,393,387,373,402,367,362,372,394,378,409
Kazakhstan,Eastern,PISA,3,2012,Math,432,71,319,343,383,478,527,554,432,432,NA,NA,NA,NA,NA,NA,NA,NA,NA,NA,NA,NA,NA,NA,NA,450,454,446,433,429,437,428,429,427,414,413,414
Latvia,Eastern,PISA,3,2012,Math,491,82,360,387,434,546,597,626,489,493,NA,NA,NA,NA,NA,NA,NA,NA,NA,NA,NA,NA,NA,NA,NA,497,496,497,496,492,501,487,487,487,478,477,480
Liechtenstein,Western,PISA,3,2012,Math,535,95,370,403,470,606,656,680,546,523,NA,NA,NA,NA,NA,NA,NA,NA,NA,NA,NA,NA,NA,NA,NA,539,550,527,542,552,531,538,548,527,526,536,514
Lithuania,Eastern,PISA,3,2012,Math,479,89,334,364,418,540,596,627,479,479,NA,NA,NA,NA,NA,NA,NA,NA,NA,NA,NA,NA,NA,NA,NA,472,471,473,479,480,479,483,484,482,474,472,475
Macao-China,Eastern,PISA,3,2012,Math,538,94,379,415,476,605,657,685,540,537,NA,NA,NA,NA,NA,NA,NA,NA,NA,NA,NA,NA,NA,NA,NA,558,561,554,542,542,543,531,533,528,525,526,524
Malaysia,Eastern,PISA,3,2012,Math,421,81,294,319,363,474,530,562,416,424,NA,NA,NA,NA,NA,NA,NA,NA,NA,NA,NA,NA,NA,NA,NA,434,435,433,401,394,408,409,405,413,422,414,429
Montenegro,Western,PISA,3,2012,Math,410,83,280,306,352,465,520,552,410,410,NA,NA,NA,NA,NA,NA,NA,NA,NA,NA,NA,NA,NA,NA,NA,412,414,410,399,397,401,409,409,409,415,414,416
Peru,Western,PISA,3,2012,Math,368,84,237,264,311,421,478,517,378,359,NA,NA,NA,NA,NA,NA,NA,NA,NA,NA,NA,NA,NA,NA,NA,370,385,356,349,357,342,365,377,355,373,379,368
Qatar,Western,PISA,3,2012,Math,376,100,230,257,306,440,514,560,369,385,NA,NA,NA,NA,NA,NA,NA,NA,NA,NA,NA,NA,NA,NA,NA,380,373,388,363,354,372,371,362,381,382,375,389
Romania,Eastern,PISA,3,2012,Math,445,81,322,344,386,497,553,588,447,443,NA,NA,NA,NA,NA,NA,NA,NA,NA,NA,NA,NA,NA,NA,NA,447,452,443,446,446,445,443,444,442,437,437,436
Russian Federation,Eastern,PISA,3,2012,Math,482,86,341,371,423,540,595,626,481,483,NA,NA,NA,NA,NA,NA,NA,NA,NA,NA,NA,NA,NA,NA,NA,496,498,494,491,489,493,478,478,478,463,461,465
Serbia,Eastern,PISA,3,2012,Math,449,91,306,335,386,508,567,603,453,444,NA,NA,NA,NA,NA,NA,NA,NA,NA,NA,NA,NA,NA,NA,NA,446,452,441,442,445,439,456,460,452,448,454,443
Shanghai-China,Eastern,PISA,3,2012,Math,613,101,435,475,546,685,737,765,616,610,NA,NA,NA,NA,NA,NA,NA,NA,NA,NA,NA,NA,NA,NA,NA,649,649,649,624,629,619,591,596,586,592,594,590
Singapore,Eastern,PISA,3,2012,Math,573,105,393,432,501,650,707,737,572,575,NA,NA,NA,NA,NA,NA,NA,NA,NA,NA,NA,NA,NA,NA,NA,580,577,582,580,581,580,569,566,572,559,558,561
Chinese Taipei,Eastern,PISA,3,2012,Math,560,116,363,402,478,645,703,738,563,557,NA,NA,NA,NA,NA,NA,NA,NA,NA,NA,NA,NA,NA,NA,NA,592,596,589,561,563,559,543,548,540,549,550,547
Thailand,Western,PISA,3,2012,Math,427,82,302,328,372,476,535,575,419,433,NA,NA,NA,NA,NA,NA,NA,NA,NA,NA,NA,NA,NA,NA,NA,432,431,433,414,403,422,419,409,426,433,424,440
Tunisia,Western,PISA,3,2012,Math,388,78,267,292,334,437,488,523,396,381,NA,NA,NA,NA,NA,NA,NA,NA,NA,NA,NA,NA,NA,NA,NA,382,397,370,379,389,371,378,386,371,399,402,397
United Arab Emirates,Western,PISA,3,2012,Math,434,90,297,323,370,494,555,591,432,436,NA,NA,NA,NA,NA,NA,NA,NA,NA,NA,NA,NA,NA,NA,NA,425,424,425,442,440,445,431,428,434,432,428,435
Uruguay,Western,PISA,3,2012,Math,409,89,267,297,347,470,526,558,415,404,NA,NA,NA,NA,NA,NA,NA,NA,NA,NA,NA,NA,NA,NA,NA,413,421,405,401,407,397,411,416,407,407,412,402
Viet Nam,Eastern,PISA,3,2012,Math,511,86,371,401,454,568,623,654,517,507,NA,NA,NA,NA,NA,NA,NA,NA,NA,NA,NA,NA,NA,NA,NA,507,519,496,509,514,506,509,512,506,519,520,519
Australia,Western,PISA,3,2012,Science,521,100,353,391,453,592,650,682,524,519,NA,NA,NA,NA,NA,NA,NA,NA,NA,NA,NA,NA,NA,NA,NA,NA,NA,NA,NA,NA,NA,NA,NA,NA,NA,NA,NA
Austria,Western,PISA,3,2012,Science,506,92,350,383,442,571,623,650,510,501,NA,NA,NA,NA,NA,NA,NA,NA,NA,NA,NA,NA,NA,NA,NA,NA,NA,NA,NA,NA,NA,NA,NA,NA,NA,NA,NA
Belgium,Western,PISA,3,2012,Science,505,101,326,368,439,577,629,657,507,503,NA,NA,NA,NA,NA,NA,NA,NA,NA,NA,NA,NA,NA,NA,NA,NA,NA,NA,NA,NA,NA,NA,NA,NA,NA,NA,NA
Canada,Western,PISA,3,2012,Science,525,91,370,407,467,588,639,670,527,524,NA,NA,NA,NA,NA,NA,NA,NA,NA,NA,NA,NA,NA,NA,NA,NA,NA,NA,NA,NA,NA,NA,NA,NA,NA,NA,NA
Chile,Western,PISA,3,2012,Science,445,80,317,343,388,500,552,581,448,442,NA,NA,NA,NA,NA,NA,NA,NA,NA,NA,NA,NA,NA,NA,NA,NA,NA,NA,NA,NA,NA,NA,NA,NA,NA,NA,NA
Czech Republic,Eastern,PISA,3,2012,Science,508,91,356,392,449,572,622,650,509,508,NA,NA,NA,NA,NA,NA,NA,NA,NA,NA,NA,NA,NA,NA,NA,NA,NA,NA,NA,NA,NA,NA,NA,NA,NA,NA,NA
Denmark,Western,PISA,3,2012,Science,498,93,338,378,438,563,615,644,504,493,NA,NA,NA,NA,NA,NA,NA,NA,NA,NA,NA,NA,NA,NA,NA,NA,NA,NA,NA,NA,NA,NA,NA,NA,NA,NA,NA
Estonia,Eastern,PISA,3,2012,Science,541,80,409,439,487,597,645,672,540,543,NA,NA,NA,NA,NA,NA,NA,NA,NA,NA,NA,NA,NA,NA,NA,NA,NA,NA,NA,NA,NA,NA,NA,NA,NA,NA,NA
Finland,Western,PISA,3,2012,Science,545,93,386,424,486,609,662,692,537,554,NA,NA,NA,NA,NA,NA,NA,NA,NA,NA,NA,NA,NA,NA,NA,NA,NA,NA,NA,NA,NA,NA,NA,NA,NA,NA,NA
France,Western,PISA,3,2012,Science,499,100,323,366,433,570,622,651,498,500,NA,NA,NA,NA,NA,NA,NA,NA,NA,NA,NA,NA,NA,NA,NA,NA,NA,NA,NA,NA,NA,NA,NA,NA,NA,NA,NA
Germany,Western,PISA,3,2012,Science,524,95,361,397,461,592,642,671,524,524,NA,NA,NA,NA,NA,NA,NA,NA,NA,NA,NA,NA,NA,NA,NA,NA,NA,NA,NA,NA,NA,NA,NA,NA,NA,NA,NA
Greece,Western,PISA,3,2012,Science,467,88,317,352,408,528,578,608,460,473,NA,NA,NA,NA,NA,NA,NA,NA,NA,NA,NA,NA,NA,NA,NA,NA,NA,NA,NA,NA,NA,NA,NA,NA,NA,NA,NA
Hungary,Western,PISA,3,2012,Science,494,90,345,376,432,558,610,639,496,493,NA,NA,NA,NA,NA,NA,NA,NA,NA,NA,NA,NA,NA,NA,NA,NA,NA,NA,NA,NA,NA,NA,NA,NA,NA,NA,NA
Iceland,Western,PISA,3,2012,Science,478,99,310,348,413,548,603,635,477,480,NA,NA,NA,NA,NA,NA,NA,NA,NA,NA,NA,NA,NA,NA,NA,NA,NA,NA,NA,NA,NA,NA,NA,NA,NA,NA,NA
Ireland,Western,PISA,3,2012,Science,522,91,366,404,462,586,637,666,524,520,NA,NA,NA,NA,NA,NA,NA,NA,NA,NA,NA,NA,NA,NA,NA,NA,NA,NA,NA,NA,NA,NA,NA,NA,NA,NA,NA
Israel,Western,PISA,3,2012,Science,470,108,286,328,396,548,608,640,470,470,NA,NA,NA,NA,NA,NA,NA,NA,NA,NA,NA,NA,NA,NA,NA,NA,NA,NA,NA,NA,NA,NA,NA,NA,NA,NA,NA
Italy,Western,PISA,3,2012,Science,494,93,336,371,431,559,611,641,495,492,NA,NA,NA,NA,NA,NA,NA,NA,NA,NA,NA,NA,NA,NA,NA,NA,NA,NA,NA,NA,NA,NA,NA,NA,NA,NA,NA
Japan,Eastern,PISA,3,2012,Science,547,96,379,421,485,614,664,693,552,541,NA,NA,NA,NA,NA,NA,NA,NA,NA,NA,NA,NA,NA,NA,NA,NA,NA,NA,NA,NA,NA,NA,NA,NA,NA,NA,NA
Korea,Eastern,PISA,3,2012,Science,538,82,396,431,485,595,639,664,539,536,NA,NA,NA,NA,NA,NA,NA,NA,NA,NA,NA,NA,NA,NA,NA,NA,NA,NA,NA,NA,NA,NA,NA,NA,NA,NA,NA
Luxembourg,Western,PISA,3,2012,Science,491,103,318,355,419,566,624,655,499,483,NA,NA,NA,NA,NA,NA,NA,NA,NA,NA,NA,NA,NA,NA,NA,NA,NA,NA,NA,NA,NA,NA,NA,NA,NA,NA,NA
Mexico,Western,PISA,3,2012,Science,415,71,300,325,368,462,505,532,418,412,NA,NA,NA,NA,NA,NA,NA,NA,NA,NA,NA,NA,NA,NA,NA,NA,NA,NA,NA,NA,NA,NA,NA,NA,NA,NA,NA
Netherlands,Western,PISA,3,2012,Science,522,95,357,393,458,591,641,667,524,520,NA,NA,NA,NA,NA,NA,NA,NA,NA,NA,NA,NA,NA,NA,NA,NA,NA,NA,NA,NA,NA,NA,NA,NA,NA,NA,NA
New Zealand,Western,PISA,3,2012,Science,516,105,339,377,444,591,649,682,518,513,NA,NA,NA,NA,NA,NA,NA,NA,NA,NA,NA,NA,NA,NA,NA,NA,NA,NA,NA,NA,NA,NA,NA,NA,NA,NA,NA
Norway,Western,PISA,3,2012,Science,495,100,325,365,429,564,620,651,493,496,NA,NA,NA,NA,NA,NA,NA,NA,NA,NA,NA,NA,NA,NA,NA,NA,NA,NA,NA,NA,NA,NA,NA,NA,NA,NA,NA
Poland,Western,PISA,3,2012,Science,526,86,382,415,467,584,637,668,524,527,NA,NA,NA,NA,NA,NA,NA,NA,NA,NA,NA,NA,NA,NA,NA,NA,NA,NA,NA,NA,NA,NA,NA,NA,NA,NA,NA
Portugal,Western,PISA,3,2012,Science,489,89,337,372,430,551,602,630,488,490,NA,NA,NA,NA,NA,NA,NA,NA,NA,NA,NA,NA,NA,NA,NA,NA,NA,NA,NA,NA,NA,NA,NA,NA,NA,NA,NA
Slovak Republic,Eastern,PISA,3,2012,Science,471,101,300,339,403,542,599,632,475,467,NA,NA,NA,NA,NA,NA,NA,NA,NA,NA,NA,NA,NA,NA,NA,NA,NA,NA,NA,NA,NA,NA,NA,NA,NA,NA,NA
Slovenia,Eastern,PISA,3,2012,Science,514,91,364,397,451,578,631,661,510,519,NA,NA,NA,NA,NA,NA,NA,NA,NA,NA,NA,NA,NA,NA,NA,NA,NA,NA,NA,NA,NA,NA,NA,NA,NA,NA,NA
Spain,Western,PISA,3,2012,Science,496,86,349,384,440,557,605,632,500,493,NA,NA,NA,NA,NA,NA,NA,NA,NA,NA,NA,NA,NA,NA,NA,NA,NA,NA,NA,NA,NA,NA,NA,NA,NA,NA,NA
Sweden,Western,PISA,3,2012,Science,485,100,314,354,419,554,611,643,481,489,NA,NA,NA,NA,NA,NA,NA,NA,NA,NA,NA,NA,NA,NA,NA,NA,NA,NA,NA,NA,NA,NA,NA,NA,NA,NA,NA
Switzerland,Western,PISA,3,2012,Science,515,91,358,394,455,579,630,658,518,512,NA,NA,NA,NA,NA,NA,NA,NA,NA,NA,NA,NA,NA,NA,NA,NA,NA,NA,NA,NA,NA,NA,NA,NA,NA,NA,NA
Turkey,Western,PISA,3,2012,Science,463,80,339,363,407,518,573,602,458,469,NA,NA,NA,NA,NA,NA,NA,NA,NA,NA,NA,NA,NA,NA,NA,NA,NA,NA,NA,NA,NA,NA,NA,NA,NA,NA,NA
United Kingdom,Western,PISA,3,2012,Science,514,100,344,384,448,584,639,672,521,508,NA,NA,NA,NA,NA,NA,NA,NA,NA,NA,NA,NA,NA,NA,NA,NA,NA,NA,NA,NA,NA,NA,NA,NA,NA,NA,NA
United States,Western,PISA,3,2012,Science,497,94,344,377,431,563,619,652,497,498,NA,NA,NA,NA,NA,NA,NA,NA,NA,NA,NA,NA,NA,NA,NA,NA,NA,NA,NA,NA,NA,NA,NA,NA,NA,NA,NA
Albania,Eastern,PISA,3,2012,Science,397,99,221,271,340,464,517,549,394,401,NA,NA,NA,NA,NA,NA,NA,NA,NA,NA,NA,NA,NA,NA,NA,NA,NA,NA,NA,NA,NA,NA,NA,NA,NA,NA,NA
Argentina,Western,PISA,3,2012,Science,406,86,262,297,350,464,513,543,402,409,NA,NA,NA,NA,NA,NA,NA,NA,NA,NA,NA,NA,NA,NA,NA,NA,NA,NA,NA,NA,NA,NA,NA,NA,NA,NA,NA
Brazil,Western,PISA,3,2012,Science,405,79,280,306,351,456,507,538,406,404,NA,NA,NA,NA,NA,NA,NA,NA,NA,NA,NA,NA,NA,NA,NA,NA,NA,NA,NA,NA,NA,NA,NA,NA,NA,NA,NA
Bulgaria,Eastern,PISA,3,2012,Science,446,102,280,315,374,519,580,612,437,457,NA,NA,NA,NA,NA,NA,NA,NA,NA,NA,NA,NA,NA,NA,NA,NA,NA,NA,NA,NA,NA,NA,NA,NA,NA,NA,NA
Colombia,Western,PISA,3,2012,Science,399,76,273,302,347,449,497,525,408,390,NA,NA,NA,NA,NA,NA,NA,NA,NA,NA,NA,NA,NA,NA,NA,NA,NA,NA,NA,NA,NA,NA,NA,NA,NA,NA,NA
Costa Rica,Western,PISA,3,2012,Science,429,71,315,341,382,476,520,546,436,424,NA,NA,NA,NA,NA,NA,NA,NA,NA,NA,NA,NA,NA,NA,NA,NA,NA,NA,NA,NA,NA,NA,NA,NA,NA,NA,NA
Croatia,Eastern,PISA,3,2012,Science,491,85,350,380,433,551,602,630,490,493,NA,NA,NA,NA,NA,NA,NA,NA,NA,NA,NA,NA,NA,NA,NA,NA,NA,NA,NA,NA,NA,NA,NA,NA,NA,NA,NA
Cyprus,Western,PISA,3,2012,Science,438,97,274,313,373,503,561,594,431,444,NA,NA,NA,NA,NA,NA,NA,NA,NA,NA,NA,NA,NA,NA,NA,NA,NA,NA,NA,NA,NA,NA,NA,NA,NA,NA,NA
Hong Kong SAR,Eastern,PISA,3,2012,Science,555,83,403,446,505,613,655,679,558,551,NA,NA,NA,NA,NA,NA,NA,NA,NA,NA,NA,NA,NA,NA,NA,NA,NA,NA,NA,NA,NA,NA,NA,NA,NA,NA,NA
Indonesia,Eastern,PISA,3,2012,Science,382,68,271,297,336,427,471,497,380,383,NA,NA,NA,NA,NA,NA,NA,NA,NA,NA,NA,NA,NA,NA,NA,NA,NA,NA,NA,NA,NA,NA,NA,NA,NA,NA,NA
Jordan,Western,PISA,3,2012,Science,409,83,271,303,355,466,514,542,388,430,NA,NA,NA,NA,NA,NA,NA,NA,NA,NA,NA,NA,NA,NA,NA,NA,NA,NA,NA,NA,NA,NA,NA,NA,NA,NA,NA
Kazakhstan,Eastern,PISA,3,2012,Science,425,74,303,330,375,475,521,547,420,429,NA,NA,NA,NA,NA,NA,NA,NA,NA,NA,NA,NA,NA,NA,NA,NA,NA,NA,NA,NA,NA,NA,NA,NA,NA,NA,NA
Latvia,Eastern,PISA,3,2012,Science,502,79,370,400,449,557,603,628,495,510,NA,NA,NA,NA,NA,NA,NA,NA,NA,NA,NA,NA,NA,NA,NA,NA,NA,NA,NA,NA,NA,NA,NA,NA,NA,NA,NA
Liechtenstein,Western,PISA,3,2012,Science,525,86,383,408,464,588,635,656,533,516,NA,NA,NA,NA,NA,NA,NA,NA,NA,NA,NA,NA,NA,NA,NA,NA,NA,NA,NA,NA,NA,NA,NA,NA,NA,NA,NA
Lithuania,Eastern,PISA,3,2012,Science,496,86,352,383,438,555,605,634,488,503,NA,NA,NA,NA,NA,NA,NA,NA,NA,NA,NA,NA,NA,NA,NA,NA,NA,NA,NA,NA,NA,NA,NA,NA,NA,NA,NA
Macao-China,Eastern,PISA,3,2012,Science,521,79,383,416,469,575,619,643,520,521,NA,NA,NA,NA,NA,NA,NA,NA,NA,NA,NA,NA,NA,NA,NA,NA,NA,NA,NA,NA,NA,NA,NA,NA,NA,NA,NA
Malaysia,Eastern,PISA,3,2012,Science,420,79,293,319,365,473,521,550,414,425,NA,NA,NA,NA,NA,NA,NA,NA,NA,NA,NA,NA,NA,NA,NA,NA,NA,NA,NA,NA,NA,NA,NA,NA,NA,NA,NA
Montenegro,Western,PISA,3,2012,Science,410,84,274,302,352,468,522,552,402,419,NA,NA,NA,NA,NA,NA,NA,NA,NA,NA,NA,NA,NA,NA,NA,NA,NA,NA,NA,NA,NA,NA,NA,NA,NA,NA,NA
Peru,Western,PISA,3,2012,Science,373,78,248,275,321,425,475,504,376,370,NA,NA,NA,NA,NA,NA,NA,NA,NA,NA,NA,NA,NA,NA,NA,NA,NA,NA,NA,NA,NA,NA,NA,NA,NA,NA,NA
Qatar,Western,PISA,3,2012,Science,384,106,222,254,309,453,530,573,367,402,NA,NA,NA,NA,NA,NA,NA,NA,NA,NA,NA,NA,NA,NA,NA,NA,NA,NA,NA,NA,NA,NA,NA,NA,NA,NA,NA
Romania,Eastern,PISA,3,2012,Science,439,79,316,340,383,492,543,573,436,441,NA,NA,NA,NA,NA,NA,NA,NA,NA,NA,NA,NA,NA,NA,NA,NA,NA,NA,NA,NA,NA,NA,NA,NA,NA,NA,NA
Russian Federation,Eastern,PISA,3,2012,Science,486,85,347,377,428,544,596,627,484,489,NA,NA,NA,NA,NA,NA,NA,NA,NA,NA,NA,NA,NA,NA,NA,NA,NA,NA,NA,NA,NA,NA,NA,NA,NA,NA,NA
Serbia,Eastern,PISA,3,2012,Science,445,87,303,333,385,504,558,590,443,447,NA,NA,NA,NA,NA,NA,NA,NA,NA,NA,NA,NA,NA,NA,NA,NA,NA,NA,NA,NA,NA,NA,NA,NA,NA,NA,NA
Shanghai-China,Eastern,PISA,3,2012,Science,580,82,435,472,527,639,681,704,583,578,NA,NA,NA,NA,NA,NA,NA,NA,NA,NA,NA,NA,NA,NA,NA,NA,NA,NA,NA,NA,NA,NA,NA,NA,NA,NA,NA
Singapore,Eastern,PISA,3,2012,Science,551,104,374,412,480,627,681,714,551,552,NA,NA,NA,NA,NA,NA,NA,NA,NA,NA,NA,NA,NA,NA,NA,NA,NA,NA,NA,NA,NA,NA,NA,NA,NA,NA,NA
Chinese Taipei,Eastern,PISA,3,2012,Science,523,83,379,411,469,582,626,652,524,523,NA,NA,NA,NA,NA,NA,NA,NA,NA,NA,NA,NA,NA,NA,NA,NA,NA,NA,NA,NA,NA,NA,NA,NA,NA,NA,NA
Thailand,Western,PISA,3,2012,Science,444,76,323,349,392,494,544,575,433,452,NA,NA,NA,NA,NA,NA,NA,NA,NA,NA,NA,NA,NA,NA,NA,NA,NA,NA,NA,NA,NA,NA,NA,NA,NA,NA,NA
Tunisia,Western,PISA,3,2012,Science,398,79,267,296,345,452,497,527,399,398,NA,NA,NA,NA,NA,NA,NA,NA,NA,NA,NA,NA,NA,NA,NA,NA,NA,NA,NA,NA,NA,NA,NA,NA,NA,NA,NA
United Arab Emirates,Western,PISA,3,2012,Science,448,94,299,328,382,512,572,605,434,462,NA,NA,NA,NA,NA,NA,NA,NA,NA,NA,NA,NA,NA,NA,NA,NA,NA,NA,NA,NA,NA,NA,NA,NA,NA,NA,NA
Uruguay,Western,PISA,3,2012,Science,416,95,256,293,352,480,538,572,415,416,NA,NA,NA,NA,NA,NA,NA,NA,NA,NA,NA,NA,NA,NA,NA,NA,NA,NA,NA,NA,NA,NA,NA,NA,NA,NA,NA
Viet Nam,Eastern,PISA,3,2012,Science,528,77,398,428,478,580,625,652,529,528,NA,NA,NA,NA,NA,NA,NA,NA,NA,NA,NA,NA,NA,NA,NA,NA,NA,NA,NA,NA,NA,NA,NA,NA,NA,NA,NA
Armenia,Eastern,TIMSS,1,2003,Math,478,84,330,NA,423,539,NA,605,473,483,473,489,488,481,419,478,468,496,482,489,488,485,476,425,412,NA,NA,NA,NA,NA,NA,NA,NA,NA,NA,NA,NA
Australia,Western,TIMSS,1,2003,Math,505,82,368,NA,450,56,NA,63,511,499,498,499,511,491,531,490,507,496,501,504,518,485,497,527,536,NA,NA,NA,NA,NA,NA,NA,NA,NA,NA,NA,NA
Bahrain,Western,TIMSS,1,2003,Math,401,76,277,NA,347,455,NA,525,385,417,380,411,388,438,414,392,369,434,387,394,383,453,422,427,401,NA,NA,NA,NA,NA,NA,NA,NA,NA,NA,NA,NA
Belgium,Western,TIMSS,1,2003,Math,537,73,398,NA,495,588,NA,643,542,532,539,523,535,527,546,532,547,521,526,529,541,522,533,541,552,NA,NA,NA,NA,NA,NA,NA,NA,NA,NA,NA,NA
Botswana,Western,TIMSS,1,2003,Math,366,72,251,NA,316,415,NA,487,365,368,382,377,377,335,375,386,378,382,371,376,379,328,343,375,374,NA,NA,NA,NA,NA,NA,NA,NA,NA,NA,NA,NA
Bulgaria,Eastern,TIMSS,1,2003,Math,476,84,333,NA,421,535,NA,611,477,476,477,481,473,484,458,477,476,485,477,471,474,483,486,454,462,NA,NA,NA,NA,NA,NA,NA,NA,NA,NA,NA,NA
Chile,Western,TIMSS,1,2003,Math,387,83,258,NA,328,441,NA,531,394,379,390,384,404,378,412,381,398,380,389,393,414,369,386,405,419,NA,NA,NA,NA,NA,NA,NA,NA,NA,NA,NA,NA
Chinese Taipei,Eastern,TIMSS,1,2003,Math,585,100,407,NA,518,657,NA,733,582,589,585,585,574,588,568,588,582,592,579,573,576,595,581,570,566,NA,NA,NA,NA,NA,NA,NA,NA,NA,NA,NA,NA
Cyprus,Western,TIMSS,1,2003,Math,459,81,321,NA,405,518,NA,586,452,467,464,455,459,457,458,471,457,469,442,463,455,464,451,465,451,NA,NA,NA,NA,NA,NA,NA,NA,NA,NA,NA,NA
Egypt,Western,TIMSS,1,2003,Math,406,93,256,NA,341,471,NA,560,406,407,421,408,401,408,393,420,521,413,403,396,405,407,409,393,394,NA,NA,NA,NA,NA,NA,NA,NA,NA,NA,NA,NA
England,Western,TIMSS,1,2003,Math,498,77,373,NA,445,552,NA,627,498,499,485,492,505,492,535,484,486,494,490,504,506,490,494,535,535,NA,NA,NA,NA,NA,NA,NA,NA,NA,NA,NA,NA
Estonia,Eastern,TIMSS,1,2003,Math,531,69,416,NA,484,577,NA,645,530,532,523,528,528,540,535,525,520,529,528,530,526,539,540,538,532,NA,NA,NA,NA,NA,NA,NA,NA,NA,NA,NA,NA
Ghana,Western,TIMSS,1,2003,Math,276,91,130,NA,213,337,NA,430,283,266,289,288,262,278,293,282,295,281,293,256,267,259,293,286,299,NA,NA,NA,NA,NA,NA,NA,NA,NA,NA,NA,NA
Hong Kong SAR,Eastern,TIMSS,1,2003,Math,586,72,455,NA,546,63,NA,69,585,587,586,580,584,588,566,587,585,582,578,583,585,587,589,568,564,NA,NA,NA,NA,NA,NA,NA,NA,NA,NA,NA,NA
Hungary,Western,TIMSS,1,2003,Math,529,80,398,NA,476,584,NA,656,533,526,529,534,525,515,526,524,533,535,532,517,532,510,521,523,528,NA,NA,NA,NA,NA,NA,NA,NA,NA,NA,NA,NA
Indonesia,Eastern,TIMSS,1,2003,Math,411,89,266,NA,350,47,NA,55,410,411,421,418,394,413,418,424,418,422,414,394,394,408,419,417,420,NA,NA,NA,NA,NA,NA,NA,NA,NA,NA,NA,NA
"Iran, Islamic Rep. of",Western,TIMSS,1,2003,Math,411,74,294,NA,360,461,NA,537,408,417,416,412,399,437,404,420,414,429,400,393,402,446,432,407,403,NA,NA,NA,NA,NA,NA,NA,NA,NA,NA,NA,NA
Israel,Western,TIMSS,1,2003,Math,496,85,353,NA,438,555,NA,630,500,492,504,498,480,488,492,498,509,499,496,473,488,487,488,486,497,NA,NA,NA,NA,NA,NA,NA,NA,NA,NA,NA,NA
Italy,Western,TIMSS,1,2003,Math,484,77,355,NA,432,537,NA,606,486,481,480,477,500,469,490,477,483,478,475,494,506,466,472,484,496,NA,NA,NA,NA,NA,NA,NA,NA,NA,NA,NA,NA
Japan,Eastern,TIMSS,1,2003,Math,570,80,433,NA,519,623,NA,697,571,569,557,568,559,587,573,554,560,570,566,559,559,588,585,570,575,NA,NA,NA,NA,NA,NA,NA,NA,NA,NA,NA,NA
Jordan,Western,TIMSS,1,2003,Math,424,89,279,NA,362,488,NA,567,411,438,413,434,418,446,430,426,401,452,417,426,410,455,438,441,420,NA,NA,NA,NA,NA,NA,NA,NA,NA,NA,NA,NA
Korea,Eastern,TIMSS,1,2003,Math,589,84,439,NA,537,647,NA,715,592,586,586,597,577,598,569,582,589,596,598,575,579,593,601,564,574,NA,NA,NA,NA,NA,NA,NA,NA,NA,NA,NA,NA
Latvia,Eastern,TIMSS,1,2003,Math,508,73,386,NA,458,559,NA,625,506,511,507,508,500,515,506,508,506,515,501,497,504,518,512,513,500,NA,NA,NA,NA,NA,NA,NA,NA,NA,NA,NA,NA
Lebanon,Western,TIMSS,1,2003,Math,433,67,324,NA,387,479,NA,545,439,429,430,448,430,459,394,427,434,448,447,420,442,453,467,391,398,NA,NA,NA,NA,NA,NA,NA,NA,NA,NA,NA,NA
Lithuania,Eastern,TIMSS,1,2003,Math,502,78,370,NA,448,557,NA,628,499,503,500,501,492,506,502,500,497,508,494,490,493,508,505,501,503,NA,NA,NA,NA,NA,NA,NA,NA,NA,NA,NA,NA
"Macedonia, Rep. of",Eastern,TIMSS,1,2003,Math,435,88,283,NA,376,497,NA,574,431,439,438,442,434,442,419,441,434,452,432,433,435,445,438,421,416,NA,NA,NA,NA,NA,NA,NA,NA,NA,NA,NA,NA
Malaysia,Eastern,TIMSS,1,2003,Math,508,74,388,NA,455,562,NA,630,505,512,524,495,504,495,505,529,519,501,488,505,503,494,495,507,503,NA,NA,NA,NA,NA,NA,NA,NA,NA,NA,NA,NA
"Moldova, Rep. of",Western,TIMSS,1,2003,Math,460,81,321,NA,405,518,NA,585,455,465,463,464,468,463,428,468,457,473,455,468,468,467,458,431,425,NA,NA,NA,NA,NA,NA,NA,NA,NA,NA,NA,NA
Morocco,Western,TIMSS,1,2003,Math,387,68,275,NA,340,434,NA,497,393,381,384,400,376,415,374,377,394,400,402,369,385,408,423,364,384,NA,NA,NA,NA,NA,NA,NA,NA,NA,NA,NA,NA
Netherlands,Western,TIMSS,1,2003,Math,536,69,417,NA,488,587,NA,644,540,533,539,514,549,513,560,534,544,515,513,542,555,512,514,556,564,NA,NA,NA,NA,NA,NA,NA,NA,NA,NA,NA,NA
New Zealand,Western,TIMSS,1,2003,Math,494,78,364,NA,441,548,NA,623,493,495,481,490,500,488,526,480,483,494,485,498,503,490,486,530,522,NA,NA,NA,NA,NA,NA,NA,NA,NA,NA,NA,NA
Norway,Western,TIMSS,1,2003,Math,461,71,340,NA,414,511,NA,573,460,463,456,428,481,461,498,457,455,432,424,479,483,463,459,500,497,NA,NA,NA,NA,NA,NA,NA,NA,NA,NA,NA,NA
Palestinian Nat'l Auth.,Western,TIMSS,1,2003,Math,390,92,241,NA,326,455,NA,542,386,394,385,392,386,423,390,387,383,404,378,380,392,426,419,397,382,NA,NA,NA,NA,NA,NA,NA,NA,NA,NA,NA,NA
Philippines,Eastern,TIMSS,1,2003,Math,378,87,241,NA,316,437,NA,527,370,383,393,400,372,344,390,401,384,408,390,373,370,344,346,395,384,NA,NA,NA,NA,NA,NA,NA,NA,NA,NA,NA,NA
Romania,Eastern,TIMSS,1,2003,Math,475,90,321,NA,413,540,NA,619,473,477,474,480,485,476,445,477,472,487,473,484,487,474,479,445,445,NA,NA,NA,NA,NA,NA,NA,NA,NA,NA,NA,NA
Russian Federation,Eastern,TIMSS,1,2003,Math,508,77,381,NA,456,561,NA,632,507,510,505,516,507,515,484,506,504,522,510,505,510,517,513,483,485,NA,NA,NA,NA,NA,NA,NA,NA,NA,NA,NA,NA
Saudi Arabia,Western,TIMSS,1,2003,Math,332,78,204,NA,279,38,NA,46,336,326,307,331,338,382,339,293,318,333,329,326,347,381,382,345,334,NA,NA,NA,NA,NA,NA,NA,NA,NA,NA,NA,NA
Scotland,Western,TIMSS,1,2003,Math,498,75,368,NA,449,550,NA,615,495,500,484,488,508,491,531,486,482,493,484,508,508,493,488,533,529,NA,NA,NA,NA,NA,NA,NA,NA,NA,NA,NA,NA
Serbia,Eastern,TIMSS,1,2003,Math,477,89,326,NA,417,540,NA,618,473,480,477,488,475,471,456,480,475,496,480,474,476,475,467,454,458,NA,NA,NA,NA,NA,NA,NA,NA,NA,NA,NA,NA
Singapore,Eastern,TIMSS,1,2003,Math,605,80,455,NA,556,662,NA,723,601,611,618,590,611,580,579,623,612,597,583,613,608,584,575,581,578,NA,NA,NA,NA,NA,NA,NA,NA,NA,NA,NA,NA
Slovak Republic,Eastern,TIMSS,1,2003,Math,508,82,371,NA,453,564,NA,642,508,508,514,505,508,501,495,514,514,510,500,504,511,497,505,488,502,NA,NA,NA,NA,NA,NA,NA,NA,NA,NA,NA,NA
Slovenia,Eastern,TIMSS,1,2003,Math,493,71,375,NA,445,542,NA,610,491,495,498,487,496,483,494,499,498,494,479,493,499,486,480,495,492,NA,NA,NA,NA,NA,NA,NA,NA,NA,NA,NA,NA
South Africa,Western,TIMSS,1,2003,Math,264,107,117,NA,191,316,NA,484,264,262,274,275,298,247,296,273,274,273,275,296,301,246,245,297,294,NA,NA,NA,NA,NA,NA,NA,NA,NA,NA,NA,NA
Sweden,Western,TIMSS,1,2003,Math,499,71,378,NA,452,548,NA,614,499,499,496,480,512,467,539,495,497,482,478,509,515,469,465,540,539,NA,NA,NA,NA,NA,NA,NA,NA,NA,NA,NA,NA
Tunisia,Western,TIMSS,1,2003,Math,410,60,316,NA,368,450,NA,515,423,399,419,405,407,427,387,408,432,398,412,394,421,419,437,373,402,NA,NA,NA,NA,NA,NA,NA,NA,NA,NA,NA,NA
United States,Western,TIMSS,1,2003,Math,504,80,369,NA,450,560,NA,635,507,502,508,510,495,472,527,504,512,510,509,489,501,469,475,526,527,NA,NA,NA,NA,NA,NA,NA,NA,NA,NA,NA,NA
Armenia,Eastern,TIMSS,1,2003,Science,461,81,324,NA,407,520,NA,589,455,468,NA,NA,NA,NA,NA,NA,NA,NA,NA,NA,NA,NA,NA,NA,NA,NA,NA,NA,NA,NA,NA,NA,NA,NA,NA,NA,NA
Australia,Western,TIMSS,1,2003,Science,527,75,397,NA,478,580,NA,644,537,517,NA,NA,NA,NA,NA,NA,NA,NA,NA,NA,NA,NA,NA,NA,NA,NA,NA,NA,NA,NA,NA,NA,NA,NA,NA,NA,NA
Bahrain,Western,TIMSS,1,2003,Science,438,74,311,NA,389,491,NA,556,423,453,NA,NA,NA,NA,NA,NA,NA,NA,NA,NA,NA,NA,NA,NA,NA,NA,NA,NA,NA,NA,NA,NA,NA,NA,NA,NA,NA
Belgium,Western,TIMSS,1,2003,Science,516,67,394,NA,477,562,NA,613,528,505,NA,NA,NA,NA,NA,NA,NA,NA,NA,NA,NA,NA,NA,NA,NA,NA,NA,NA,NA,NA,NA,NA,NA,NA,NA,NA,NA
Botswana,Western,TIMSS,1,2003,Science,365,86,220,NA,306,425,NA,503,366,364,NA,NA,NA,NA,NA,NA,NA,NA,NA,NA,NA,NA,NA,NA,NA,NA,NA,NA,NA,NA,NA,NA,NA,NA,NA,NA,NA
Bulgaria,Eastern,TIMSS,1,2003,Science,479,93,310,NA,421,54,NA,61,487,470,NA,NA,NA,NA,NA,NA,NA,NA,NA,NA,NA,NA,NA,NA,NA,NA,NA,NA,NA,NA,NA,NA,NA,NA,NA,NA,NA
Chile,Western,TIMSS,1,2003,Science,413,84,275,NA,355,471,NA,550,427,398,NA,NA,NA,NA,NA,NA,NA,NA,NA,NA,NA,NA,NA,NA,NA,NA,NA,NA,NA,NA,NA,NA,NA,NA,NA,NA,NA
Chinese Taipei,Eastern,TIMSS,1,2003,Science,571,79,434,NA,519,628,NA,690,572,571,NA,NA,NA,NA,NA,NA,NA,NA,NA,NA,NA,NA,NA,NA,NA,NA,NA,NA,NA,NA,NA,NA,NA,NA,NA,NA,NA
Cyprus,Western,TIMSS,1,2003,Science,441,79,306,NA,390,497,NA,567,440,443,NA,NA,NA,NA,NA,NA,NA,NA,NA,NA,NA,NA,NA,NA,NA,NA,NA,NA,NA,NA,NA,NA,NA,NA,NA,NA,NA
Egypt,Western,TIMSS,1,2003,Science,421,104,243,NA,348,49,NA,58,421,422,NA,NA,NA,NA,NA,NA,NA,NA,NA,NA,NA,NA,NA,NA,NA,NA,NA,NA,NA,NA,NA,NA,NA,NA,NA,NA,NA
England,Western,TIMSS,1,2003,Science,544,77,413,NA,492,597,NA,665,550,538,NA,NA,NA,NA,NA,NA,NA,NA,NA,NA,NA,NA,NA,NA,NA,NA,NA,NA,NA,NA,NA,NA,NA,NA,NA,NA,NA
Estonia,Eastern,TIMSS,1,2003,Science,552,65,445,NA,509,596,NA,659,551,554,NA,NA,NA,NA,NA,NA,NA,NA,NA,NA,NA,NA,NA,NA,NA,NA,NA,NA,NA,NA,NA,NA,NA,NA,NA,NA,NA
Ghana,Western,TIMSS,1,2003,Science,255,120,52,NA,168,45,NA,50,271,236,NA,NA,NA,NA,NA,NA,NA,NA,NA,NA,NA,NA,NA,NA,NA,NA,NA,NA,NA,NA,NA,NA,NA,NA,NA,NA,NA
Hong Kong SAR,Eastern,TIMSS,1,2003,Science,556,66,438,NA,519,600,NA,654,561,552,NA,NA,NA,NA,NA,NA,NA,NA,NA,NA,NA,NA,NA,NA,NA,NA,NA,NA,NA,NA,NA,NA,NA,NA,NA,NA,NA
Hungary,Western,TIMSS,1,2003,Science,543,76,415,NA,492,595,NA,666,556,530,NA,NA,NA,NA,NA,NA,NA,NA,NA,NA,NA,NA,NA,NA,NA,NA,NA,NA,NA,NA,NA,NA,NA,NA,NA,NA,NA
Indonesia,Eastern,TIMSS,1,2003,Science,420,79,287,NA,368,475,NA,546,426,415,NA,NA,NA,NA,NA,NA,NA,NA,NA,NA,NA,NA,NA,NA,NA,NA,NA,NA,NA,NA,NA,NA,NA,NA,NA,NA,NA
"Iran, Islamic Rep. of",Western,TIMSS,1,2003,Science,453,73,336,NA,403,502,NA,573,453,454,NA,NA,NA,NA,NA,NA,NA,NA,NA,NA,NA,NA,NA,NA,NA,NA,NA,NA,NA,NA,NA,NA,NA,NA,NA,NA,NA
Israel,Western,TIMSS,1,2003,Science,488,85,342,NA,432,548,NA,623,498,479,NA,NA,NA,NA,NA,NA,NA,NA,NA,NA,NA,NA,NA,NA,NA,NA,NA,NA,NA,NA,NA,NA,NA,NA,NA,NA,NA
Italy,Western,TIMSS,1,2003,Science,491,78,358,NA,439,545,NA,614,496,486,NA,NA,NA,NA,NA,NA,NA,NA,NA,NA,NA,NA,NA,NA,NA,NA,NA,NA,NA,NA,NA,NA,NA,NA,NA,NA,NA
Japan,Eastern,TIMSS,1,2003,Science,552,71,429,NA,507,601,NA,663,557,548,NA,NA,NA,NA,NA,NA,NA,NA,NA,NA,NA,NA,NA,NA,NA,NA,NA,NA,NA,NA,NA,NA,NA,NA,NA,NA,NA
Jordan,Western,TIMSS,1,2003,Science,475,89,319,NA,417,538,NA,612,462,489,NA,NA,NA,NA,NA,NA,NA,NA,NA,NA,NA,NA,NA,NA,NA,NA,NA,NA,NA,NA,NA,NA,NA,NA,NA,NA,NA
Korea,Eastern,TIMSS,1,2003,Science,558,70,438,NA,513,606,NA,666,564,552,NA,NA,NA,NA,NA,NA,NA,NA,NA,NA,NA,NA,NA,NA,NA,NA,NA,NA,NA,NA,NA,NA,NA,NA,NA,NA,NA
Latvia,Eastern,TIMSS,1,2003,Science,512,67,399,NA,467,560,NA,621,516,509,NA,NA,NA,NA,NA,NA,NA,NA,NA,NA,NA,NA,NA,NA,NA,NA,NA,NA,NA,NA,NA,NA,NA,NA,NA,NA,NA
Lebanon,Western,TIMSS,1,2003,Science,393,93,240,NA,329,460,NA,544,395,392,NA,NA,NA,NA,NA,NA,NA,NA,NA,NA,NA,NA,NA,NA,NA,NA,NA,NA,NA,NA,NA,NA,NA,NA,NA,NA,NA
Lithuania,Eastern,TIMSS,1,2003,Science,519,70,404,NA,472,567,NA,633,522,516,NA,NA,NA,NA,NA,NA,NA,NA,NA,NA,NA,NA,NA,NA,NA,NA,NA,NA,NA,NA,NA,NA,NA,NA,NA,NA,NA
"Macedonia, Rep. of",Eastern,TIMSS,1,2003,Science,449,92,287,NA,390,515,NA,588,445,454,NA,NA,NA,NA,NA,NA,NA,NA,NA,NA,NA,NA,NA,NA,NA,NA,NA,NA,NA,NA,NA,NA,NA,NA,NA,NA,NA
Malaysia,Eastern,TIMSS,1,2003,Science,510,66,398,NA,467,556,NA,615,515,505,NA,NA,NA,NA,NA,NA,NA,NA,NA,NA,NA,NA,NA,NA,NA,NA,NA,NA,NA,NA,NA,NA,NA,NA,NA,NA,NA
"Moldova, Rep. of",Western,TIMSS,1,2003,Science,472,74,346,NA,423,524,NA,589,468,477,NA,NA,NA,NA,NA,NA,NA,NA,NA,NA,NA,NA,NA,NA,NA,NA,NA,NA,NA,NA,NA,NA,NA,NA,NA,NA,NA
Morocco,Western,TIMSS,1,2003,Science,396,69,282,NA,350,444,NA,510,403,392,NA,NA,NA,NA,NA,NA,NA,NA,NA,NA,NA,NA,NA,NA,NA,NA,NA,NA,NA,NA,NA,NA,NA,NA,NA,NA,NA
Netherlands,Western,TIMSS,1,2003,Science,536,61,430,NA,496,57,NA,63,543,528,NA,NA,NA,NA,NA,NA,NA,NA,NA,NA,NA,NA,NA,NA,NA,NA,NA,NA,NA,NA,NA,NA,NA,NA,NA,NA,NA
New Zealand,Western,TIMSS,1,2003,Science,520,74,393,NA,471,570,NA,637,525,515,NA,NA,NA,NA,NA,NA,NA,NA,NA,NA,NA,NA,NA,NA,NA,NA,NA,NA,NA,NA,NA,NA,NA,NA,NA,NA,NA
Norway,Western,TIMSS,1,2003,Science,494,70,372,NA,450,542,NA,601,498,490,NA,NA,NA,NA,NA,NA,NA,NA,NA,NA,NA,NA,NA,NA,NA,NA,NA,NA,NA,NA,NA,NA,NA,NA,NA,NA,NA
Palestinian Nat'l Auth.,Western,TIMSS,1,2003,Science,435,92,273,NA,373,503,NA,576,428,441,NA,NA,NA,NA,NA,NA,NA,NA,NA,NA,NA,NA,NA,NA,NA,NA,NA,NA,NA,NA,NA,NA,NA,NA,NA,NA,NA
Philippines,Eastern,TIMSS,1,2003,Science,377,102,208,NA,305,452,NA,542,374,380,NA,NA,NA,NA,NA,NA,NA,NA,NA,NA,NA,NA,NA,NA,NA,NA,NA,NA,NA,NA,NA,NA,NA,NA,NA,NA,NA
Romania,Eastern,TIMSS,1,2003,Science,470,91,314,NA,409,533,NA,612,474,465,NA,NA,NA,NA,NA,NA,NA,NA,NA,NA,NA,NA,NA,NA,NA,NA,NA,NA,NA,NA,NA,NA,NA,NA,NA,NA,NA
Russian Federation,Eastern,TIMSS,1,2003,Science,514,75,389,NA,464,565,NA,633,519,508,NA,NA,NA,NA,NA,NA,NA,NA,NA,NA,NA,NA,NA,NA,NA,NA,NA,NA,NA,NA,NA,NA,NA,NA,NA,NA,NA
Saudi Arabia,Western,TIMSS,1,2003,Science,398,72,277,NA,349,448,NA,513,391,407,NA,NA,NA,NA,NA,NA,NA,NA,NA,NA,NA,NA,NA,NA,NA,NA,NA,NA,NA,NA,NA,NA,NA,NA,NA,NA,NA
Scotland,Western,TIMSS,1,2003,Science,512,76,380,NA,462,565,NA,630,517,506,NA,NA,NA,NA,NA,NA,NA,NA,NA,NA,NA,NA,NA,NA,NA,NA,NA,NA,NA,NA,NA,NA,NA,NA,NA,NA,NA
Serbia,Eastern,TIMSS,1,2003,Science,468,84,327,NA,412,525,NA,602,471,465,NA,NA,NA,NA,NA,NA,NA,NA,NA,NA,NA,NA,NA,NA,NA,NA,NA,NA,NA,NA,NA,NA,NA,NA,NA,NA,NA
Singapore,Eastern,TIMSS,1,2003,Science,578,92,403,NA,522,64,NA,70,579,576,NA,NA,NA,NA,NA,NA,NA,NA,NA,NA,NA,NA,NA,NA,NA,NA,NA,NA,NA,NA,NA,NA,NA,NA,NA,NA,NA
Slovak Republic,Eastern,TIMSS,1,2003,Science,517,76,390,NA,467,569,NA,637,525,508,NA,NA,NA,NA,NA,NA,NA,NA,NA,NA,NA,NA,NA,NA,NA,NA,NA,NA,NA,NA,NA,NA,NA,NA,NA,NA,NA
Slovenia,Eastern,TIMSS,1,2003,Science,520,67,409,NA,476,566,NA,629,524,517,NA,NA,NA,NA,NA,NA,NA,NA,NA,NA,NA,NA,NA,NA,NA,NA,NA,NA,NA,NA,NA,NA,NA,NA,NA,NA,NA
South Africa,Western,TIMSS,1,2003,Science,244,132,53,NA,151,19,NA,99,244,242,NA,NA,NA,NA,NA,NA,NA,NA,NA,NA,NA,NA,NA,NA,NA,NA,NA,NA,NA,NA,NA,NA,NA,NA,NA,NA,NA
Sweden,Western,TIMSS,1,2003,Science,524,74,397,NA,476,575,NA,640,528,521,NA,NA,NA,NA,NA,NA,NA,NA,NA,NA,NA,NA,NA,NA,NA,NA,NA,NA,NA,NA,NA,NA,NA,NA,NA,NA,NA
Tunisia,Western,TIMSS,1,2003,Science,404,60,305,NA,362,444,NA,505,416,392,NA,NA,NA,NA,NA,NA,NA,NA,NA,NA,NA,NA,NA,NA,NA,NA,NA,NA,NA,NA,NA,NA,NA,NA,NA,NA,NA
United States,Western,TIMSS,1,2003,Science,527,81,387,NA,474,584,NA,653,536,519,NA,NA,NA,NA,NA,NA,NA,NA,NA,NA,NA,NA,NA,NA,NA,NA,NA,NA,NA,NA,NA,NA,NA,NA,NA,NA,NA
Algeria,Western,TIMSS,2,2007,Math,387,59,291,311,346,427,465,485,389,384,403,349,NA,432,371,398,408,350,349,NA,NA,429,435,369,373,NA,NA,NA,NA,NA,NA,NA,NA,NA,NA,NA,NA
Armenia,Eastern,TIMSS,2,2007,Math,499,85,351,390,448,554,601,629,497,501,492,532,NA,493,427,492,492,538,525,NA,NA,490,495,427,427,NA,NA,NA,NA,NA,NA,NA,NA,NA,NA,NA,NA
Australia,Western,TIMSS,2,2007,Math,496,79,365,394,443,548,600,630,504,488,503,471,NA,487,525,492,514,466,475,NA,NA,481,493,516,534,NA,NA,NA,NA,NA,NA,NA,NA,NA,NA,NA,NA
Bahrain,Western,TIMSS,2,2007,Math,398,84,259,289,340,457,505,533,382,414,388,403,NA,412,418,392,384,427,380,NA,NA,429,396,429,408,NA,NA,NA,NA,NA,NA,NA,NA,NA,NA,NA,NA
Bosnia and Herzegovina,Eastern,TIMSS,2,2007,Math,456,78,322,352,405,509,552,578,455,456,451,475,NA,451,437,447,454,483,467,NA,NA,452,450,435,440,NA,NA,NA,NA,NA,NA,NA,NA,NA,NA,NA,NA
Botswana,Western,TIMSS,2,2007,Math,364,77,236,264,312,415,460,489,355,371,366,394,NA,325,384,372,361,404,383,NA,NA,325,324,390,376,NA,NA,NA,NA,NA,NA,NA,NA,NA,NA,NA,NA
Bulgaria,Eastern,TIMSS,2,2007,Math,464,102,280,324,398,536,586,617,456,471,458,476,NA,468,440,459,457,488,464,NA,NA,476,460,445,436,NA,NA,NA,NA,NA,NA,NA,NA,NA,NA,NA,NA
Chinese Taipei,Eastern,TIMSS,2,2007,Math,598,106,403,448,535,672,721,748,598,599,577,617,NA,592,566,574,579,622,613,NA,NA,593,591,567,564,NA,NA,NA,NA,NA,NA,NA,NA,NA,NA,NA,NA
Colombia,Western,TIMSS,2,2007,Math,380,79,250,281,329,431,477,507,396,364,369,390,NA,371,405,348,391,381,400,NA,NA,358,385,391,420,NA,NA,NA,NA,NA,NA,NA,NA,NA,NA,NA,NA
Cyprus,Western,TIMSS,2,2007,Math,465,89,310,347,409,528,575,603,455,476,464,468,NA,458,464,468,461,481,455,NA,NA,470,445,474,454,NA,NA,NA,NA,NA,NA,NA,NA,NA,NA,NA,NA
Czech Republic,Eastern,TIMSS,2,2007,Math,504,74,382,408,455,552,599,629,503,505,511,484,NA,498,512,507,515,492,476,NA,NA,497,498,512,511,NA,NA,NA,NA,NA,NA,NA,NA,NA,NA,NA,NA
Egypt,Western,TIMSS,2,2007,Math,391,100,222,258,321,462,521,553,384,397,393,409,NA,406,384,393,392,418,401,NA,NA,411,402,391,377,NA,NA,NA,NA,NA,NA,NA,NA,NA,NA,NA,NA
El Salvador,Western,TIMSS,2,2007,Math,340,73,222,248,291,389,433,462,351,331,355,331,NA,318,362,345,366,326,337,NA,NA,310,326,348,377,NA,NA,NA,NA,NA,NA,NA,NA,NA,NA,NA,NA
England,Western,TIMSS,2,2007,Math,513,84,366,400,459,574,618,642,516,511,510,492,NA,510,547,502,518,493,491,NA,NA,508,512,545,549,NA,NA,NA,NA,NA,NA,NA,NA,NA,NA,NA,NA
Georgia,Eastern,TIMSS,2,2007,Math,410,96,245,280,343,478,532,562,408,412,421,421,NA,409,373,417,424,429,413,NA,NA,409,408,378,367,NA,NA,NA,NA,NA,NA,NA,NA,NA,NA,NA,NA
Ghana,Western,TIMSS,2,2007,Math,309,92,162,192,246,372,428,461,319,297,310,358,NA,275,321,298,319,345,369,NA,NA,265,283,311,328,NA,NA,NA,NA,NA,NA,NA,NA,NA,NA,NA,NA
Hong Kong SAR,Eastern,TIMSS,2,2007,Math,572,94,394,438,518,638,681,706,567,578,567,565,NA,570,549,570,564,573,558,NA,NA,573,567,554,544,NA,NA,NA,NA,NA,NA,NA,NA,NA,NA,NA,NA
Hungary,Western,TIMSS,2,2007,Math,517,85,375,405,459,576,624,652,517,517,517,503,NA,508,524,511,523,509,498,NA,NA,508,507,523,525,NA,NA,NA,NA,NA,NA,NA,NA,NA,NA,NA,NA
Indonesia,Eastern,TIMSS,2,2007,Math,397,87,254,286,338,456,509,541,395,399,399,405,NA,395,402,398,401,410,400,NA,NA,396,393,405,400,NA,NA,NA,NA,NA,NA,NA,NA,NA,NA,NA,NA
"Iran, Islamic Rep. of",Western,TIMSS,2,2007,Math,403,86,266,295,344,459,516,551,400,407,395,408,NA,423,415,392,397,417,401,NA,NA,429,418,417,413,NA,NA,NA,NA,NA,NA,NA,NA,NA,NA,NA,NA
Israel,Western,TIMSS,2,2007,Math,463,99,287,328,400,533,584,615,462,465,469,470,NA,436,465,464,474,476,463,NA,NA,439,433,465,466,NA,NA,NA,NA,NA,NA,NA,NA,NA,NA,NA,NA
Italy,Western,TIMSS,2,2007,Math,480,76,349,381,430,532,574,600,483,477,478,460,NA,490,491,469,485,462,459,NA,NA,488,491,488,493,NA,NA,NA,NA,NA,NA,NA,NA,NA,NA,NA,NA
Japan,Eastern,TIMSS,2,2007,Math,570,85,424,460,515,628,677,704,572,568,551,559,NA,573,573,545,558,560,559,NA,NA,573,572,573,573,NA,NA,NA,NA,NA,NA,NA,NA,NA,NA,NA,NA
Jordan,Western,TIMSS,2,2007,Math,427,102,253,290,356,503,556,584,417,438,416,448,NA,436,425,419,414,461,436,NA,NA,447,425,434,417,NA,NA,NA,NA,NA,NA,NA,NA,NA,NA,NA,NA
Korea,Eastern,TIMSS,2,2007,Math,597,92,435,475,537,662,711,738,599,595,583,596,NA,587,580,575,591,596,596,NA,NA,585,588,580,579,NA,NA,NA,NA,NA,NA,NA,NA,NA,NA,NA,NA
Kuwait,Western,TIMSS,2,2007,Math,354,79,221,252,301,408,455,481,342,364,347,354,NA,385,366,346,347,367,339,NA,NA,396,371,378,352,NA,NA,NA,NA,NA,NA,NA,NA,NA,NA,NA,NA
Lebanon,Western,TIMSS,2,2007,Math,449,75,329,354,397,502,549,574,456,443,454,465,NA,462,407,446,465,461,469,NA,NA,459,465,402,414,NA,NA,NA,NA,NA,NA,NA,NA,NA,NA,NA,NA
Lithuania,Eastern,TIMSS,2,2007,Math,506,80,371,402,453,561,609,635,502,509,506,483,NA,507,523,505,507,491,474,NA,NA,510,503,525,521,NA,NA,NA,NA,NA,NA,NA,NA,NA,NA,NA,NA
Malaysia,Eastern,TIMSS,2,2007,Math,474,79,342,372,421,529,578,603,468,479,491,454,NA,477,469,495,485,461,446,NA,NA,480,473,469,468,NA,NA,NA,NA,NA,NA,NA,NA,NA,NA,NA,NA
Malta,Western,TIMSS,2,2007,Math,488,92,315,359,431,553,597,622,488,488,496,473,NA,495,487,495,497,476,471,NA,NA,493,497,487,486,NA,NA,NA,NA,NA,NA,NA,NA,NA,NA,NA,NA
Morocco,Western,TIMSS,2,2007,Math,381,80,251,278,323,438,486,511,385,377,389,362,NA,396,371,382,398,364,361,NA,NA,391,403,373,369,NA,NA,NA,NA,NA,NA,NA,NA,NA,NA,NA,NA
Norway,Western,TIMSS,2,2007,Math,469,66,356,382,425,517,552,571,467,471,488,425,NA,459,505,487,488,428,423,NA,NA,464,453,510,500,NA,NA,NA,NA,NA,NA,NA,NA,NA,NA,NA,NA
Oman,Western,TIMSS,2,2007,Math,372,95,207,245,309,440,492,521,344,399,363,391,NA,387,389,380,344,421,360,NA,NA,412,362,411,367,NA,NA,NA,NA,NA,NA,NA,NA,NA,NA,NA,NA
Palestinian Nat'l Auth.,Western,TIMSS,2,2007,Math,367,102,195,233,297,439,498,530,349,385,366,382,NA,388,371,376,355,403,362,NA,NA,403,373,388,352,NA,NA,NA,NA,NA,NA,NA,NA,NA,NA,NA,NA
Qatar,Western,TIMSS,2,2007,Math,307,93,152,186,243,370,427,461,288,325,334,312,NA,301,305,342,327,331,293,NA,NA,323,280,329,281,NA,NA,NA,NA,NA,NA,NA,NA,NA,NA,NA,NA
Romania,Eastern,TIMSS,2,2007,Math,461,100,289,328,395,533,587,616,452,470,457,478,NA,466,429,461,454,493,464,NA,NA,475,459,431,426,NA,NA,NA,NA,NA,NA,NA,NA,NA,NA,NA,NA
Russian Federation,Eastern,TIMSS,2,2007,Math,512,83,372,402,455,569,617,644,509,514,507,518,NA,510,487,504,509,527,509,NA,NA,510,509,486,489,NA,NA,NA,NA,NA,NA,NA,NA,NA,NA,NA,NA
Saudi Arabia,Western,TIMSS,2,2007,Math,329,76,202,231,278,382,429,457,319,341,309,344,NA,359,348,314,305,350,338,NA,NA,375,344,362,336,NA,NA,NA,NA,NA,NA,NA,NA,NA,NA,NA,NA
Scotland,Western,TIMSS,2,2007,Math,487,80,355,381,432,544,590,616,489,486,489,467,NA,485,517,483,495,470,464,NA,NA,485,486,515,518,NA,NA,NA,NA,NA,NA,NA,NA,NA,NA,NA,NA
Serbia,Eastern,TIMSS,2,2007,Math,486,89,333,368,427,548,597,624,483,489,478,500,NA,486,458,474,481,510,491,NA,NA,491,480,455,461,NA,NA,NA,NA,NA,NA,NA,NA,NA,NA,NA,NA
Singapore,Eastern,TIMSS,2,2007,Math,593,93,422,463,533,661,706,731,586,600,597,579,NA,578,574,601,593,589,569,NA,NA,586,571,581,568,NA,NA,NA,NA,NA,NA,NA,NA,NA,NA,NA,NA
Slovenia,Eastern,TIMSS,2,2007,Math,501,72,384,409,454,550,594,619,503,500,502,488,NA,499,511,496,508,493,483,NA,NA,498,501,507,515,NA,NA,NA,NA,NA,NA,NA,NA,NA,NA,NA,NA
Sweden,Western,TIMSS,2,2007,Math,491,70,371,399,446,539,582,604,490,493,507,456,NA,472,526,506,508,462,452,NA,NA,475,469,526,525,NA,NA,NA,NA,NA,NA,NA,NA,NA,NA,NA,NA
Syrian Arab Republic,Western,TIMSS,2,2007,Math,395,82,259,290,339,452,502,530,403,387,393,406,NA,417,387,380,407,403,408,NA,NA,413,422,383,392,NA,NA,NA,NA,NA,NA,NA,NA,NA,NA,NA,NA
Thailand,Western,TIMSS,2,2007,Math,441,92,297,327,378,501,562,600,430,453,444,433,NA,442,453,452,435,446,420,NA,NA,451,433,464,442,NA,NA,NA,NA,NA,NA,NA,NA,NA,NA,NA,NA
Tunisia,Western,TIMSS,2,2007,Math,420,67,313,336,375,466,508,532,431,410,425,423,NA,437,411,411,440,420,427,NA,NA,429,446,400,423,NA,NA,NA,NA,NA,NA,NA,NA,NA,NA,NA,NA
Turkey,Western,TIMSS,2,2007,Math,432,109,263,297,354,503,581,624,432,432,429,440,NA,411,445,423,435,447,434,NA,NA,415,407,448,442,NA,NA,NA,NA,NA,NA,NA,NA,NA,NA,NA,NA
Ukraine,Eastern,TIMSS,2,2007,Math,462,89,310,346,404,523,572,603,459,465,460,464,NA,467,458,459,461,472,455,NA,NA,468,466,459,456,NA,NA,NA,NA,NA,NA,NA,NA,NA,NA,NA,NA
United States,Western,TIMSS,2,2007,Math,508,77,379,408,456,563,607,633,510,507,510,501,NA,480,531,506,515,503,498,NA,NA,477,483,527,535,NA,NA,NA,NA,NA,NA,NA,NA,NA,NA,NA,NA
Algeria,Western,TIMSS,2,2007,Science,408,63,305,327,366,451,488,511,408,408,NA,NA,NA,NA,NA,NA,NA,NA,NA,NA,NA,NA,NA,NA,NA,NA,NA,NA,NA,NA,NA,NA,NA,NA,NA,NA,NA
Armenia,Eastern,TIMSS,2,2007,Science,488,101,325,366,426,544,612,662,484,492,NA,NA,NA,NA,NA,NA,NA,NA,NA,NA,NA,NA,NA,NA,NA,NA,NA,NA,NA,NA,NA,NA,NA,NA,NA,NA,NA
Australia,Western,TIMSS,2,2007,Science,515,80,378,410,462,569,617,644,524,505,NA,NA,NA,NA,NA,NA,NA,NA,NA,NA,NA,NA,NA,NA,NA,NA,NA,NA,NA,NA,NA,NA,NA,NA,NA,NA,NA
Bahrain,Western,TIMSS,2,2007,Science,467,86,318,351,409,530,575,600,437,499,NA,NA,NA,NA,NA,NA,NA,NA,NA,NA,NA,NA,NA,NA,NA,NA,NA,NA,NA,NA,NA,NA,NA,NA,NA,NA,NA
Bosnia and Herzegovina,Eastern,TIMSS,2,2007,Science,466,79,329,359,414,521,565,589,467,464,NA,NA,NA,NA,NA,NA,NA,NA,NA,NA,NA,NA,NA,NA,NA,NA,NA,NA,NA,NA,NA,NA,NA,NA,NA,NA,NA
Botswana,Western,TIMSS,2,2007,Science,355,99,181,220,287,425,478,509,343,365,NA,NA,NA,NA,NA,NA,NA,NA,NA,NA,NA,NA,NA,NA,NA,NA,NA,NA,NA,NA,NA,NA,NA,NA,NA,NA,NA
Bulgaria,Eastern,TIMSS,2,2007,Science,470,103,287,330,403,543,595,627,464,477,NA,NA,NA,NA,NA,NA,NA,NA,NA,NA,NA,NA,NA,NA,NA,NA,NA,NA,NA,NA,NA,NA,NA,NA,NA,NA,NA
Chinese Taipei,Eastern,TIMSS,2,2007,Science,561,89,400,439,506,624,665,690,563,559,NA,NA,NA,NA,NA,NA,NA,NA,NA,NA,NA,NA,NA,NA,NA,NA,NA,NA,NA,NA,NA,NA,NA,NA,NA,NA,NA
Colombia,Western,TIMSS,2,2007,Science,417,77,290,319,366,469,514,540,435,400,NA,NA,NA,NA,NA,NA,NA,NA,NA,NA,NA,NA,NA,NA,NA,NA,NA,NA,NA,NA,NA,NA,NA,NA,NA,NA,NA
Cyprus,Western,TIMSS,2,2007,Science,452,85,303,339,397,511,556,582,444,460,NA,NA,NA,NA,NA,NA,NA,NA,NA,NA,NA,NA,NA,NA,NA,NA,NA,NA,NA,NA,NA,NA,NA,NA,NA,NA,NA
Czech Republic,Eastern,TIMSS,2,2007,Science,539,71,419,447,492,587,630,655,543,534,NA,NA,NA,NA,NA,NA,NA,NA,NA,NA,NA,NA,NA,NA,NA,NA,NA,NA,NA,NA,NA,NA,NA,NA,NA,NA,NA
Egypt,Western,TIMSS,2,2007,Science,408,99,240,275,338,481,537,564,400,417,NA,NA,NA,NA,NA,NA,NA,NA,NA,NA,NA,NA,NA,NA,NA,NA,NA,NA,NA,NA,NA,NA,NA,NA,NA,NA,NA
El Salvador,Western,TIMSS,2,2007,Science,387,70,274,298,340,434,477,504,399,377,NA,NA,NA,NA,NA,NA,NA,NA,NA,NA,NA,NA,NA,NA,NA,NA,NA,NA,NA,NA,NA,NA,NA,NA,NA,NA,NA
England,Western,TIMSS,2,2007,Science,542,85,393,427,486,602,649,675,546,537,NA,NA,NA,NA,NA,NA,NA,NA,NA,NA,NA,NA,NA,NA,NA,NA,NA,NA,NA,NA,NA,NA,NA,NA,NA,NA,NA
Georgia,Eastern,TIMSS,2,2007,Science,421,83,277,309,364,481,527,550,410,432,NA,NA,NA,NA,NA,NA,NA,NA,NA,NA,NA,NA,NA,NA,NA,NA,NA,NA,NA,NA,NA,NA,NA,NA,NA,NA,NA
Ghana,Western,TIMSS,2,2007,Science,303,108,124,163,229,378,445,483,316,288,NA,NA,NA,NA,NA,NA,NA,NA,NA,NA,NA,NA,NA,NA,NA,NA,NA,NA,NA,NA,NA,NA,NA,NA,NA,NA,NA
Hong Kong SAR,Eastern,TIMSS,2,2007,Science,530,81,376,419,483,586,625,648,528,533,NA,NA,NA,NA,NA,NA,NA,NA,NA,NA,NA,NA,NA,NA,NA,NA,NA,NA,NA,NA,NA,NA,NA,NA,NA,NA,NA
Hungary,Western,TIMSS,2,2007,Science,539,77,408,437,488,592,635,658,545,533,NA,NA,NA,NA,NA,NA,NA,NA,NA,NA,NA,NA,NA,NA,NA,NA,NA,NA,NA,NA,NA,NA,NA,NA,NA,NA,NA
Indonesia,Eastern,TIMSS,2,2007,Science,427,74,302,330,377,479,520,546,428,426,NA,NA,NA,NA,NA,NA,NA,NA,NA,NA,NA,NA,NA,NA,NA,NA,NA,NA,NA,NA,NA,NA,NA,NA,NA,NA,NA
"Iran, Islamic Rep. of",Western,TIMSS,2,2007,Science,459,81,329,355,403,513,566,597,453,466,NA,NA,NA,NA,NA,NA,NA,NA,NA,NA,NA,NA,NA,NA,NA,NA,NA,NA,NA,NA,NA,NA,NA,NA,NA,NA,NA
Israel,Western,TIMSS,2,2007,Science,468,101,288,329,402,540,591,622,463,472,NA,NA,NA,NA,NA,NA,NA,NA,NA,NA,NA,NA,NA,NA,NA,NA,NA,NA,NA,NA,NA,NA,NA,NA,NA,NA,NA
Italy,Western,TIMSS,2,2007,Science,495,78,361,393,445,549,590,615,499,491,NA,NA,NA,NA,NA,NA,NA,NA,NA,NA,NA,NA,NA,NA,NA,NA,NA,NA,NA,NA,NA,NA,NA,NA,NA,NA,NA
Japan,Eastern,TIMSS,2,2007,Science,554,77,418,454,507,606,648,672,556,552,NA,NA,NA,NA,NA,NA,NA,NA,NA,NA,NA,NA,NA,NA,NA,NA,NA,NA,NA,NA,NA,NA,NA,NA,NA,NA,NA
Jordan,Western,TIMSS,2,2007,Science,482,98,308,349,416,554,601,627,466,499,NA,NA,NA,NA,NA,NA,NA,NA,NA,NA,NA,NA,NA,NA,NA,NA,NA,NA,NA,NA,NA,NA,NA,NA,NA,NA,NA
Korea,Eastern,TIMSS,2,2007,Science,553,76,420,452,505,606,646,670,557,549,NA,NA,NA,NA,NA,NA,NA,NA,NA,NA,NA,NA,NA,NA,NA,NA,NA,NA,NA,NA,NA,NA,NA,NA,NA,NA,NA
Kuwait,Western,TIMSS,2,2007,Science,418,89,263,298,358,481,530,557,391,441,NA,NA,NA,NA,NA,NA,NA,NA,NA,NA,NA,NA,NA,NA,NA,NA,NA,NA,NA,NA,NA,NA,NA,NA,NA,NA,NA
Lebanon,Western,TIMSS,2,2007,Science,414,97,255,284,344,484,539,569,417,410,NA,NA,NA,NA,NA,NA,NA,NA,NA,NA,NA,NA,NA,NA,NA,NA,NA,NA,NA,NA,NA,NA,NA,NA,NA,NA,NA
Lithuania,Eastern,TIMSS,2,2007,Science,519,78,382,414,466,574,616,640,519,518,NA,NA,NA,NA,NA,NA,NA,NA,NA,NA,NA,NA,NA,NA,NA,NA,NA,NA,NA,NA,NA,NA,NA,NA,NA,NA,NA
Malaysia,Eastern,TIMSS,2,2007,Science,471,88,319,357,416,530,581,608,466,475,NA,NA,NA,NA,NA,NA,NA,NA,NA,NA,NA,NA,NA,NA,NA,NA,NA,NA,NA,NA,NA,NA,NA,NA,NA,NA,NA
Malta,Western,TIMSS,2,2007,Science,457,114,251,298,386,537,595,627,458,456,NA,NA,NA,NA,NA,NA,NA,NA,NA,NA,NA,NA,NA,NA,NA,NA,NA,NA,NA,NA,NA,NA,NA,NA,NA,NA,NA
Morocco,Western,TIMSS,2,2007,Science,402,79,274,301,348,456,504,532,401,403,NA,NA,NA,NA,NA,NA,NA,NA,NA,NA,NA,NA,NA,NA,NA,NA,NA,NA,NA,NA,NA,NA,NA,NA,NA,NA,NA
Norway,Western,TIMSS,2,2007,Science,487,73,360,389,438,539,578,600,486,487,NA,NA,NA,NA,NA,NA,NA,NA,NA,NA,NA,NA,NA,NA,NA,NA,NA,NA,NA,NA,NA,NA,NA,NA,NA,NA,NA
Oman,Western,TIMSS,2,2007,Science,423,96,253,293,360,492,541,568,391,452,NA,NA,NA,NA,NA,NA,NA,NA,NA,NA,NA,NA,NA,NA,NA,NA,NA,NA,NA,NA,NA,NA,NA,NA,NA,NA,NA
Palestinian Nat'l Auth.,Western,TIMSS,2,2007,Science,404,111,213,255,327,486,543,574,386,422,NA,NA,NA,NA,NA,NA,NA,NA,NA,NA,NA,NA,NA,NA,NA,NA,NA,NA,NA,NA,NA,NA,NA,NA,NA,NA,NA
Qatar,Western,TIMSS,2,2007,Science,319,126,101,146,229,414,480,511,284,354,NA,NA,NA,NA,NA,NA,NA,NA,NA,NA,NA,NA,NA,NA,NA,NA,NA,NA,NA,NA,NA,NA,NA,NA,NA,NA,NA
Romania,Eastern,TIMSS,2,2007,Science,462,88,307,345,405,524,572,597,458,466,NA,NA,NA,NA,NA,NA,NA,NA,NA,NA,NA,NA,NA,NA,NA,NA,NA,NA,NA,NA,NA,NA,NA,NA,NA,NA,NA
Russian Federation,Eastern,TIMSS,2,2007,Science,530,78,397,427,477,584,627,653,533,527,NA,NA,NA,NA,NA,NA,NA,NA,NA,NA,NA,NA,NA,NA,NA,NA,NA,NA,NA,NA,NA,NA,NA,NA,NA,NA,NA
Saudi Arabia,Western,TIMSS,2,2007,Science,403,78,272,300,351,459,503,529,383,426,NA,NA,NA,NA,NA,NA,NA,NA,NA,NA,NA,NA,NA,NA,NA,NA,NA,NA,NA,NA,NA,NA,NA,NA,NA,NA,NA
Scotland,Western,TIMSS,2,2007,Science,496,81,358,388,441,553,597,623,498,493,NA,NA,NA,NA,NA,NA,NA,NA,NA,NA,NA,NA,NA,NA,NA,NA,NA,NA,NA,NA,NA,NA,NA,NA,NA,NA,NA
Serbia,Eastern,TIMSS,2,2007,Science,470,85,318,359,419,529,571,596,469,472,NA,NA,NA,NA,NA,NA,NA,NA,NA,NA,NA,NA,NA,NA,NA,NA,NA,NA,NA,NA,NA,NA,NA,NA,NA,NA,NA
Singapore,Eastern,TIMSS,2,2007,Science,567,104,374,421,500,644,694,720,563,571,NA,NA,NA,NA,NA,NA,NA,NA,NA,NA,NA,NA,NA,NA,NA,NA,NA,NA,NA,NA,NA,NA,NA,NA,NA,NA,NA
Slovenia,Eastern,TIMSS,2,2007,Science,538,72,414,442,491,587,628,651,539,536,NA,NA,NA,NA,NA,NA,NA,NA,NA,NA,NA,NA,NA,NA,NA,NA,NA,NA,NA,NA,NA,NA,NA,NA,NA,NA,NA
Sweden,Western,TIMSS,2,2007,Science,511,78,373,405,460,564,608,633,510,512,NA,NA,NA,NA,NA,NA,NA,NA,NA,NA,NA,NA,NA,NA,NA,NA,NA,NA,NA,NA,NA,NA,NA,NA,NA,NA,NA
Syrian Arab Republic,Western,TIMSS,2,2007,Science,452,75,326,355,402,505,546,569,457,448,NA,NA,NA,NA,NA,NA,NA,NA,NA,NA,NA,NA,NA,NA,NA,NA,NA,NA,NA,NA,NA,NA,NA,NA,NA,NA,NA
Thailand,Western,TIMSS,2,2007,Science,471,83,334,363,414,526,578,609,462,480,NA,NA,NA,NA,NA,NA,NA,NA,NA,NA,NA,NA,NA,NA,NA,NA,NA,NA,NA,NA,NA,NA,NA,NA,NA,NA,NA
Tunisia,Western,TIMSS,2,2007,Science,445,60,346,367,404,486,524,545,455,436,NA,NA,NA,NA,NA,NA,NA,NA,NA,NA,NA,NA,NA,NA,NA,NA,NA,NA,NA,NA,NA,NA,NA,NA,NA,NA,NA
Turkey,Western,TIMSS,2,2007,Science,454,92,308,336,390,518,577,610,452,457,NA,NA,NA,NA,NA,NA,NA,NA,NA,NA,NA,NA,NA,NA,NA,NA,NA,NA,NA,NA,NA,NA,NA,NA,NA,NA,NA
Ukraine,Eastern,TIMSS,2,2007,Science,485,84,338,374,433,543,588,613,486,484,NA,NA,NA,NA,NA,NA,NA,NA,NA,NA,NA,NA,NA,NA,NA,NA,NA,NA,NA,NA,NA,NA,NA,NA,NA,NA,NA
United States,Western,TIMSS,2,2007,Science,520,82,378,410,464,578,623,649,526,514,NA,NA,NA,NA,NA,NA,NA,NA,NA,NA,NA,NA,NA,NA,NA,NA,NA,NA,NA,NA,NA,NA,NA,NA,NA,NA,NA
Armenia,Eastern,TIMSS,3,2011,Math,467,91,310,344,405,531,578,608,462,472,474,496,NA,450,376,475,473,503,488,NA,NA,453,448,385,368,NA,NA,NA,NA,NA,NA,NA,NA,NA,NA,NA,NA
Australia,Western,TIMSS,3,2011,Math,505,85,369,397,445,560,618,652,509,500,513,489,NA,499,534,505,521,489,489,NA,NA,492,506,528,541,NA,NA,NA,NA,NA,NA,NA,NA,NA,NA,NA,NA
Bahrain,Western,TIMSS,3,2011,Math,409,100,246,279,339,479,539,570,388,431,397,424,NA,398,407,414,380,448,402,NA,NA,416,380,430,385,NA,NA,NA,NA,NA,NA,NA,NA,NA,NA,NA,NA
Chile,Western,TIMSS,3,2011,Math,416,80,290,315,361,469,522,553,424,409,413,403,NA,419,426,402,425,402,404,NA,NA,412,427,417,435,NA,NA,NA,NA,NA,NA,NA,NA,NA,NA,NA,NA
Chinese Taipei,Eastern,TIMSS,3,2011,Math,609,106,413,459,543,683,734,765,606,613,598,628,NA,625,584,597,599,636,621,NA,NA,629,621,585,583,NA,NA,NA,NA,NA,NA,NA,NA,NA,NA,NA,NA
England,Western,TIMSS,3,2011,Math,507,85,361,393,448,567,616,640,505,508,512,489,NA,498,543,510,515,495,485,NA,NA,501,495,542,544,NA,NA,NA,NA,NA,NA,NA,NA,NA,NA,NA,NA
Finland,Western,TIMSS,3,2011,Math,514,65,405,430,470,559,596,617,512,516,527,492,NA,502,542,522,531,501,484,NA,NA,505,499,544,541,NA,NA,NA,NA,NA,NA,NA,NA,NA,NA,NA,NA
Georgia,Eastern,TIMSS,3,2011,Math,431,106,254,289,356,507,563,598,432,430,435,450,NA,406,392,431,439,453,448,NA,NA,405,408,393,391,NA,NA,NA,NA,NA,NA,NA,NA,NA,NA,NA,NA
Ghana,Western,TIMSS,3,2011,Math,331,86,194,222,271,389,442,474,342,318,321,358,NA,315,296,307,333,348,368,NA,NA,303,327,287,304,NA,NA,NA,NA,NA,NA,NA,NA,NA,NA,NA,NA
Hong Kong SAR,Eastern,TIMSS,3,2011,Math,586,84,428,470,537,644,684,706,583,588,588,583,NA,597,581,588,588,586,579,NA,NA,604,591,585,578,NA,NA,NA,NA,NA,NA,NA,NA,NA,NA,NA,NA
Hungary,Western,TIMSS,3,2011,Math,505,90,348,385,448,567,614,642,508,502,510,496,NA,501,517,503,516,500,493,NA,NA,499,503,511,523,NA,NA,NA,NA,NA,NA,NA,NA,NA,NA,NA,NA
Indonesia,Eastern,TIMSS,3,2011,Math,386,84,248,280,330,442,494,524,379,392,375,392,NA,377,376,380,370,402,382,NA,NA,382,372,381,371,NA,NA,NA,NA,NA,NA,NA,NA,NA,NA,NA,NA
"Iran, Islamic Rep. of",Western,TIMSS,3,2011,Math,415,95,266,296,348,476,537,578,418,411,402,422,NA,437,393,390,412,426,419,NA,NA,435,439,387,398,NA,NA,NA,NA,NA,NA,NA,NA,NA,NA,NA,NA
Israel,Western,TIMSS,3,2011,Math,516,98,338,381,452,585,636,663,512,520,518,521,NA,496,515,516,519,529,512,NA,NA,501,491,518,513,NA,NA,NA,NA,NA,NA,NA,NA,NA,NA,NA,NA
Italy,Western,TIMSS,3,2011,Math,498,73,372,400,450,549,590,615,504,493,496,491,NA,512,499,485,507,489,493,NA,NA,510,513,492,506,NA,NA,NA,NA,NA,NA,NA,NA,NA,NA,NA,NA
Japan,Eastern,TIMSS,3,2011,Math,570,85,425,458,515,630,674,701,574,566,557,570,NA,586,579,549,565,568,572,NA,NA,582,589,576,583,NA,NA,NA,NA,NA,NA,NA,NA,NA,NA,NA,NA
Jordan,Western,TIMSS,3,2011,Math,406,99,232,271,340,479,528,556,392,420,390,432,NA,407,379,398,383,451,413,NA,NA,417,397,393,367,NA,NA,NA,NA,NA,NA,NA,NA,NA,NA,NA,NA
Kazakhstan,Eastern,TIMSS,3,2011,Math,487,80,353,381,431,544,587,611,488,486,479,506,NA,491,444,476,482,509,503,NA,NA,489,493,442,446,NA,NA,NA,NA,NA,NA,NA,NA,NA,NA,NA,NA
Korea,Eastern,TIMSS,3,2011,Math,613,90,455,492,555,676,724,750,616,610,618,617,NA,612,616,610,626,617,616,NA,NA,611,613,611,621,NA,NA,NA,NA,NA,NA,NA,NA,NA,NA,NA,NA
Lebanon,Western,TIMSS,3,2011,Math,449,75,327,352,396,502,546,573,456,444,451,471,NA,447,393,443,462,468,475,NA,NA,441,455,390,397,NA,NA,NA,NA,NA,NA,NA,NA,NA,NA,NA,NA
Lithuania,Eastern,TIMSS,3,2011,Math,502,79,369,401,450,558,602,625,498,507,501,492,NA,500,515,500,502,503,482,NA,NA,506,494,518,513,NA,NA,NA,NA,NA,NA,NA,NA,NA,NA,NA,NA
"Macedonia, Rep. of",Eastern,TIMSS,3,2011,Math,426,109,239,279,352,504,561,596,423,430,418,448,NA,419,389,416,421,457,440,NA,NA,426,413,390,388,NA,NA,NA,NA,NA,NA,NA,NA,NA,NA,NA,NA
Malaysia,Eastern,TIMSS,3,2011,Math,440,92,290,319,373,507,560,589,430,449,451,430,NA,432,429,460,441,440,419,NA,NA,438,425,436,422,NA,NA,NA,NA,NA,NA,NA,NA,NA,NA,NA,NA
Morocco,Western,TIMSS,3,2011,Math,371,86,236,264,312,428,484,520,371,371,379,357,NA,390,332,378,381,360,353,NA,NA,386,394,332,333,NA,NA,NA,NA,NA,NA,NA,NA,NA,NA,NA,NA
New Zealand,Western,TIMSS,3,2011,Math,488,85,346,375,428,548,598,624,496,478,492,472,NA,483,513,478,505,467,477,NA,NA,471,494,505,521,NA,NA,NA,NA,NA,NA,NA,NA,NA,NA,NA,NA
Norway,Western,TIMSS,3,2011,Math,475,65,366,390,431,520,556,577,473,476,492,432,NA,461,513,491,494,435,429,NA,NA,464,458,516,511,NA,NA,NA,NA,NA,NA,NA,NA,NA,NA,NA,NA
Oman,Western,TIMSS,3,2011,Math,366,108,186,224,290,444,505,541,334,397,351,383,NA,377,342,371,329,419,346,NA,NA,404,349,373,309,NA,NA,NA,NA,NA,NA,NA,NA,NA,NA,NA,NA
Palestinian Nat'l Auth.,Western,TIMSS,3,2011,Math,404,100,236,272,336,476,533,562,392,415,400,419,NA,416,368,406,393,431,405,NA,NA,425,406,379,355,NA,NA,NA,NA,NA,NA,NA,NA,NA,NA,NA,NA
Qatar,Western,TIMSS,3,2011,Math,410,110,227,265,331,489,552,586,404,415,408,425,NA,387,390,410,407,433,417,NA,NA,395,379,393,386,NA,NA,NA,NA,NA,NA,NA,NA,NA,NA,NA,NA
Romania,Eastern,TIMSS,3,2011,Math,458,102,291,327,386,529,592,626,453,464,448,477,NA,453,429,449,446,489,466,NA,NA,457,450,431,427,NA,NA,NA,NA,NA,NA,NA,NA,NA,NA,NA,NA
Russian Federation,Eastern,TIMSS,3,2011,Math,539,81,399,431,485,596,641,666,539,539,534,556,NA,533,511,528,540,560,552,NA,NA,532,534,510,512,NA,NA,NA,NA,NA,NA,NA,NA,NA,NA,NA,NA
Saudi Arabia,Western,TIMSS,3,2011,Math,394,93,243,274,329,458,516,551,387,401,393,399,NA,364,387,398,388,412,388,NA,NA,371,358,389,384,NA,NA,NA,NA,NA,NA,NA,NA,NA,NA,NA,NA
Singapore,Eastern,TIMSS,3,2011,Math,611,84,453,494,559,672,713,734,607,615,611,614,NA,609,607,613,609,622,607,NA,NA,612,607,609,605,NA,NA,NA,NA,NA,NA,NA,NA,NA,NA,NA,NA
Slovenia,Eastern,TIMSS,3,2011,Math,505,70,387,412,457,554,595,619,507,502,511,493,NA,504,518,502,519,496,490,NA,NA,501,507,516,520,NA,NA,NA,NA,NA,NA,NA,NA,NA,NA,NA,NA
Sweden,Western,TIMSS,3,2011,Math,484,68,368,395,440,532,569,590,482,486,504,459,NA,456,504,502,505,464,454,NA,NA,458,454,508,501,NA,NA,NA,NA,NA,NA,NA,NA,NA,NA,NA,NA
Syrian Arab Republic,Western,TIMSS,3,2011,Math,380,97,217,253,313,451,505,535,385,375,373,391,NA,386,343,364,381,389,394,NA,NA,379,395,340,346,NA,NA,NA,NA,NA,NA,NA,NA,NA,NA,NA,NA
Thailand,Western,TIMSS,3,2011,Math,427,86,290,318,368,483,536,573,417,435,425,425,NA,415,431,430,418,436,412,NA,NA,418,411,438,422,NA,NA,NA,NA,NA,NA,NA,NA,NA,NA,NA,NA
Tunisia,Western,TIMSS,3,2011,Math,425,75,305,330,373,475,525,554,433,417,431,419,NA,426,398,420,444,417,421,NA,NA,418,435,389,408,NA,NA,NA,NA,NA,NA,NA,NA,NA,NA,NA,NA
Turkey,Western,TIMSS,3,2011,Math,452,113,273,311,374,529,603,645,448,457,435,455,NA,454,467,433,437,464,446,NA,NA,461,447,474,461,NA,NA,NA,NA,NA,NA,NA,NA,NA,NA,NA,NA
Ukraine,Eastern,TIMSS,3,2011,Math,479,90,326,362,421,542,592,621,481,478,472,487,NA,476,471,466,479,491,483,NA,NA,472,480,469,472,NA,NA,NA,NA,NA,NA,NA,NA,NA,NA,NA,NA
United Arab Emirates,Western,TIMSS,3,2011,Math,456,88,309,340,394,518,568,598,447,464,459,468,NA,431,440,462,456,478,458,NA,NA,444,418,450,431,NA,NA,NA,NA,NA,NA,NA,NA,NA,NA,NA,NA
United States,Western,TIMSS,3,2011,Math,509,77,381,409,457,562,607,635,511,508,514,512,NA,485,527,508,520,513,510,NA,NA,482,487,525,530,NA,NA,NA,NA,NA,NA,NA,NA,NA,NA,NA,NA
Armenia,Eastern,TIMSS,3,2011,Science,437,95,273,309,373,506,557,585,428,446,NA,NA,NA,NA,NA,NA,NA,NA,NA,NA,NA,NA,NA,NA,NA,NA,NA,NA,NA,NA,NA,NA,NA,NA,NA,NA,NA
Australia,Western,TIMSS,3,2011,Science,519,84,381,412,463,575,628,658,527,511,NA,NA,NA,NA,NA,NA,NA,NA,NA,NA,NA,NA,NA,NA,NA,NA,NA,NA,NA,NA,NA,NA,NA,NA,NA,NA,NA
Bahrain,Western,TIMSS,3,2011,Science,452,102,275,313,384,525,579,610,423,482,NA,NA,NA,NA,NA,NA,NA,NA,NA,NA,NA,NA,NA,NA,NA,NA,NA,NA,NA,NA,NA,NA,NA,NA,NA,NA,NA
Chile,Western,TIMSS,3,2011,Science,461,73,341,367,410,511,557,583,470,454,NA,NA,NA,NA,NA,NA,NA,NA,NA,NA,NA,NA,NA,NA,NA,NA,NA,NA,NA,NA,NA,NA,NA,NA,NA,NA,NA
Chinese Taipei,Eastern,TIMSS,3,2011,Science,564,84,415,452,510,623,665,689,564,564,NA,NA,NA,NA,NA,NA,NA,NA,NA,NA,NA,NA,NA,NA,NA,NA,NA,NA,NA,NA,NA,NA,NA,NA,NA,NA,NA
England,Western,TIMSS,3,2011,Science,533,85,385,419,477,594,639,664,532,534,NA,NA,NA,NA,NA,NA,NA,NA,NA,NA,NA,NA,NA,NA,NA,NA,NA,NA,NA,NA,NA,NA,NA,NA,NA,NA,NA
Finland,Western,TIMSS,3,2011,Science,552,65,444,470,509,597,634,656,550,555,NA,NA,NA,NA,NA,NA,NA,NA,NA,NA,NA,NA,NA,NA,NA,NA,NA,NA,NA,NA,NA,NA,NA,NA,NA,NA,NA
Georgia,Eastern,TIMSS,3,2011,Science,420,90,258,296,363,483,528,555,415,425,NA,NA,NA,NA,NA,NA,NA,NA,NA,NA,NA,NA,NA,NA,NA,NA,NA,NA,NA,NA,NA,NA,NA,NA,NA,NA,NA
Ghana,Western,TIMSS,3,2011,Science,306,112,121,159,226,388,452,488,320,290,NA,NA,NA,NA,NA,NA,NA,NA,NA,NA,NA,NA,NA,NA,NA,NA,NA,NA,NA,NA,NA,NA,NA,NA,NA,NA,NA
Hong Kong SAR,Eastern,TIMSS,3,2011,Science,535,75,398,434,492,587,622,643,534,536,NA,NA,NA,NA,NA,NA,NA,NA,NA,NA,NA,NA,NA,NA,NA,NA,NA,NA,NA,NA,NA,NA,NA,NA,NA,NA,NA
Hungary,Western,TIMSS,3,2011,Science,522,83,376,412,475,579,621,645,531,513,NA,NA,NA,NA,NA,NA,NA,NA,NA,NA,NA,NA,NA,NA,NA,NA,NA,NA,NA,NA,NA,NA,NA,NA,NA,NA,NA
Indonesia,Eastern,TIMSS,3,2011,Science,406,79,272,303,353,461,505,530,402,409,NA,NA,NA,NA,NA,NA,NA,NA,NA,NA,NA,NA,NA,NA,NA,NA,NA,NA,NA,NA,NA,NA,NA,NA,NA,NA,NA
"Iran, Islamic Rep. of",Western,TIMSS,3,2011,Science,474,90,325,357,412,537,590,621,472,477,NA,NA,NA,NA,NA,NA,NA,NA,NA,NA,NA,NA,NA,NA,NA,NA,NA,NA,NA,NA,NA,NA,NA,NA,NA,NA,NA
Israel,Western,TIMSS,3,2011,Science,516,94,347,386,456,582,630,656,512,519,NA,NA,NA,NA,NA,NA,NA,NA,NA,NA,NA,NA,NA,NA,NA,NA,NA,NA,NA,NA,NA,NA,NA,NA,NA,NA,NA
Italy,Western,TIMSS,3,2011,Science,501,76,369,400,452,554,594,618,508,493,NA,NA,NA,NA,NA,NA,NA,NA,NA,NA,NA,NA,NA,NA,NA,NA,NA,NA,NA,NA,NA,NA,NA,NA,NA,NA,NA
Japan,Eastern,TIMSS,3,2011,Science,558,76,422,458,511,610,649,674,562,554,NA,NA,NA,NA,NA,NA,NA,NA,NA,NA,NA,NA,NA,NA,NA,NA,NA,NA,NA,NA,NA,NA,NA,NA,NA,NA,NA
Jordan,Western,TIMSS,3,2011,Science,449,103,258,307,388,522,568,595,428,471,NA,NA,NA,NA,NA,NA,NA,NA,NA,NA,NA,NA,NA,NA,NA,NA,NA,NA,NA,NA,NA,NA,NA,NA,NA,NA,NA
Kazakhstan,Eastern,TIMSS,3,2011,Science,490,79,358,386,435,546,590,616,488,492,NA,NA,NA,NA,NA,NA,NA,NA,NA,NA,NA,NA,NA,NA,NA,NA,NA,NA,NA,NA,NA,NA,NA,NA,NA,NA,NA
Korea,Eastern,TIMSS,3,2011,Science,560,77,425,459,510,614,656,681,563,558,NA,NA,NA,NA,NA,NA,NA,NA,NA,NA,NA,NA,NA,NA,NA,NA,NA,NA,NA,NA,NA,NA,NA,NA,NA,NA,NA
Lebanon,Western,TIMSS,3,2011,Science,406,98,243,276,337,475,532,562,408,404,NA,NA,NA,NA,NA,NA,NA,NA,NA,NA,NA,NA,NA,NA,NA,NA,NA,NA,NA,NA,NA,NA,NA,NA,NA,NA,NA
Lithuania,Eastern,TIMSS,3,2011,Science,514,76,383,413,464,567,607,632,510,518,NA,NA,NA,NA,NA,NA,NA,NA,NA,NA,NA,NA,NA,NA,NA,NA,NA,NA,NA,NA,NA,NA,NA,NA,NA,NA,NA
"Macedonia, Rep. of",Eastern,TIMSS,3,2011,Science,407,114,214,256,327,492,552,586,399,417,NA,NA,NA,NA,NA,NA,NA,NA,NA,NA,NA,NA,NA,NA,NA,NA,NA,NA,NA,NA,NA,NA,NA,NA,NA,NA,NA
Malaysia,Eastern,TIMSS,3,2011,Science,426,101,250,288,358,499,553,584,419,434,NA,NA,NA,NA,NA,NA,NA,NA,NA,NA,NA,NA,NA,NA,NA,NA,NA,NA,NA,NA,NA,NA,NA,NA,NA,NA,NA
Morocco,Western,TIMSS,3,2011,Science,376,86,235,266,317,435,488,518,374,378,NA,NA,NA,NA,NA,NA,NA,NA,NA,NA,NA,NA,NA,NA,NA,NA,NA,NA,NA,NA,NA,NA,NA,NA,NA,NA,NA
New Zealand,Western,TIMSS,3,2011,Science,512,85,365,399,455,572,621,647,522,501,NA,NA,NA,NA,NA,NA,NA,NA,NA,NA,NA,NA,NA,NA,NA,NA,NA,NA,NA,NA,NA,NA,NA,NA,NA,NA,NA
Norway,Western,TIMSS,3,2011,Science,494,73,368,399,447,544,584,609,494,495,NA,NA,NA,NA,NA,NA,NA,NA,NA,NA,NA,NA,NA,NA,NA,NA,NA,NA,NA,NA,NA,NA,NA,NA,NA,NA,NA
Oman,Western,TIMSS,3,2011,Science,420,111,225,268,343,502,556,586,380,458,NA,NA,NA,NA,NA,NA,NA,NA,NA,NA,NA,NA,NA,NA,NA,NA,NA,NA,NA,NA,NA,NA,NA,NA,NA,NA,NA
Palestinian Nat'l Auth.,Western,TIMSS,3,2011,Science,420,105,237,278,351,497,551,580,406,434,NA,NA,NA,NA,NA,NA,NA,NA,NA,NA,NA,NA,NA,NA,NA,NA,NA,NA,NA,NA,NA,NA,NA,NA,NA,NA,NA
Qatar,Western,TIMSS,3,2011,Science,419,121,212,255,334,507,571,606,406,432,NA,NA,NA,NA,NA,NA,NA,NA,NA,NA,NA,NA,NA,NA,NA,NA,NA,NA,NA,NA,NA,NA,NA,NA,NA,NA,NA
Romania,Eastern,TIMSS,3,2011,Science,465,86,316,351,408,523,572,601,464,466,NA,NA,NA,NA,NA,NA,NA,NA,NA,NA,NA,NA,NA,NA,NA,NA,NA,NA,NA,NA,NA,NA,NA,NA,NA,NA,NA
Russian Federation,Eastern,TIMSS,3,2011,Science,542,77,410,442,493,596,638,661,546,539,NA,NA,NA,NA,NA,NA,NA,NA,NA,NA,NA,NA,NA,NA,NA,NA,NA,NA,NA,NA,NA,NA,NA,NA,NA,NA,NA
Saudi Arabia,Western,TIMSS,3,2011,Science,436,82,295,328,382,494,541,567,424,450,NA,NA,NA,NA,NA,NA,NA,NA,NA,NA,NA,NA,NA,NA,NA,NA,NA,NA,NA,NA,NA,NA,NA,NA,NA,NA,NA
Singapore,Eastern,TIMSS,3,2011,Science,590,97,409,453,530,660,705,730,591,589,NA,NA,NA,NA,NA,NA,NA,NA,NA,NA,NA,NA,NA,NA,NA,NA,NA,NA,NA,NA,NA,NA,NA,NA,NA,NA,NA
Slovenia,Eastern,TIMSS,3,2011,Science,543,76,412,444,494,595,637,661,545,541,NA,NA,NA,NA,NA,NA,NA,NA,NA,NA,NA,NA,NA,NA,NA,NA,NA,NA,NA,NA,NA,NA,NA,NA,NA,NA,NA
Sweden,Western,TIMSS,3,2011,Science,509,81,368,403,458,566,608,633,508,511,NA,NA,NA,NA,NA,NA,NA,NA,NA,NA,NA,NA,NA,NA,NA,NA,NA,NA,NA,NA,NA,NA,NA,NA,NA,NA,NA
Syrian Arab Republic,Western,TIMSS,3,2011,Science,426,84,282,315,369,487,533,558,429,424,NA,NA,NA,NA,NA,NA,NA,NA,NA,NA,NA,NA,NA,NA,NA,NA,NA,NA,NA,NA,NA,NA,NA,NA,NA,NA,NA
Thailand,Western,TIMSS,3,2011,Science,451,80,317,346,397,504,551,581,443,458,NA,NA,NA,NA,NA,NA,NA,NA,NA,NA,NA,NA,NA,NA,NA,NA,NA,NA,NA,NA,NA,NA,NA,NA,NA,NA,NA
Tunisia,Western,TIMSS,3,2011,Science,439,67,329,352,393,484,526,550,447,431,NA,NA,NA,NA,NA,NA,NA,NA,NA,NA,NA,NA,NA,NA,NA,NA,NA,NA,NA,NA,NA,NA,NA,NA,NA,NA,NA
Turkey,Western,TIMSS,3,2011,Science,483,103,312,349,413,554,614,648,475,491,NA,NA,NA,NA,NA,NA,NA,NA,NA,NA,NA,NA,NA,NA,NA,NA,NA,NA,NA,NA,NA,NA,NA,NA,NA,NA,NA
Ukraine,Eastern,TIMSS,3,2011,Science,501,83,356,390,448,559,603,630,503,499,NA,NA,NA,NA,NA,NA,NA,NA,NA,NA,NA,NA,NA,NA,NA,NA,NA,NA,NA,NA,NA,NA,NA,NA,NA,NA,NA
United Arab Emirates,Western,TIMSS,3,2011,Science,465,97,299,335,399,532,587,619,452,477,NA,NA,NA,NA,NA,NA,NA,NA,NA,NA,NA,NA,NA,NA,NA,NA,NA,NA,NA,NA,NA,NA,NA,NA,NA,NA,NA
United States,Western,TIMSS,3,2011,Science,525,81,384,416,470,582,625,651,530,519,NA,NA,NA,NA,NA,NA,NA,NA,NA,NA,NA,NA,NA,NA,NA,NA,NA,NA,NA,NA,NA,NA,NA,NA,NA,NA,NA
Australia,Western,PISA,2,2006,Math,520,88,375,406,460,581,633,663,527,513,NA,NA,NA,NA,NA,NA,NA,NA,NA,NA,NA,NA,NA,NA,NA,NA,NA,NA,NA,NA,NA,NA,NA,NA,NA,NA,NA
Austria,Western,PISA,2,2006,Math,505,98,338,373,438,577,630,657,517,494,NA,NA,NA,NA,NA,NA,NA,NA,NA,NA,NA,NA,NA,NA,NA,NA,NA,NA,NA,NA,NA,NA,NA,NA,NA,NA,NA
Belgium,Western,PISA,2,2006,Math,520,106,337,381,451,598,650,678,524,517,NA,NA,NA,NA,NA,NA,NA,NA,NA,NA,NA,NA,NA,NA,NA,NA,NA,NA,NA,NA,NA,NA,NA,NA,NA,NA,NA
Canada,Western,PISA,2,2006,Math,527,86,383,416,470,587,635,664,534,520,NA,NA,NA,NA,NA,NA,NA,NA,NA,NA,NA,NA,NA,NA,NA,NA,NA,NA,NA,NA,NA,NA,NA,NA,NA,NA,NA
Czech Republic,Eastern,PISA,2,2006,Math,510,103,340,376,441,582,644,677,514,504,NA,NA,NA,NA,NA,NA,NA,NA,NA,NA,NA,NA,NA,NA,NA,NA,NA,NA,NA,NA,NA,NA,NA,NA,NA,NA,NA
Denmark,Western,PISA,2,2006,Math,513,85,371,404,456,572,621,649,518,508,NA,NA,NA,NA,NA,NA,NA,NA,NA,NA,NA,NA,NA,NA,NA,NA,NA,NA,NA,NA,NA,NA,NA,NA,NA,NA,NA
Finland,Western,PISA,2,2006,Math,548,81,411,444,494,605,652,678,554,543,NA,NA,NA,NA,NA,NA,NA,NA,NA,NA,NA,NA,NA,NA,NA,NA,NA,NA,NA,NA,NA,NA,NA,NA,NA,NA,NA
France,Western,PISA,2,2006,Math,496,96,334,369,429,565,617,646,499,492,NA,NA,NA,NA,NA,NA,NA,NA,NA,NA,NA,NA,NA,NA,NA,NA,NA,NA,NA,NA,NA,NA,NA,NA,NA,NA,NA
Germany,Western,PISA,2,2006,Math,504,99,339,375,437,574,632,664,513,494,NA,NA,NA,NA,NA,NA,NA,NA,NA,NA,NA,NA,NA,NA,NA,NA,NA,NA,NA,NA,NA,NA,NA,NA,NA,NA,NA
Greece,Western,PISA,2,2006,Math,459,92,304,341,399,522,575,607,462,457,NA,NA,NA,NA,NA,NA,NA,NA,NA,NA,NA,NA,NA,NA,NA,NA,NA,NA,NA,NA,NA,NA,NA,NA,NA,NA,NA
Hungary,Western,PISA,2,2006,Math,491,91,343,377,431,551,609,643,496,486,NA,NA,NA,NA,NA,NA,NA,NA,NA,NA,NA,NA,NA,NA,NA,NA,NA,NA,NA,NA,NA,NA,NA,NA,NA,NA,NA
Iceland,Western,PISA,2,2006,Math,506,88,357,391,446,567,618,646,503,508,NA,NA,NA,NA,NA,NA,NA,NA,NA,NA,NA,NA,NA,NA,NA,NA,NA,NA,NA,NA,NA,NA,NA,NA,NA,NA,NA
Ireland,Western,PISA,2,2006,Math,501,82,366,396,445,559,608,634,507,496,NA,NA,NA,NA,NA,NA,NA,NA,NA,NA,NA,NA,NA,NA,NA,NA,NA,NA,NA,NA,NA,NA,NA,NA,NA,NA,NA
Italy,Western,PISA,2,2006,Math,462,96,305,341,398,527,584,616,470,453,NA,NA,NA,NA,NA,NA,NA,NA,NA,NA,NA,NA,NA,NA,NA,NA,NA,NA,NA,NA,NA,NA,NA,NA,NA,NA,NA
Japan,Eastern,PISA,2,2006,Math,523,91,370,404,463,587,638,668,533,513,NA,NA,NA,NA,NA,NA,NA,NA,NA,NA,NA,NA,NA,NA,NA,NA,NA,NA,NA,NA,NA,NA,NA,NA,NA,NA,NA
Korea,Eastern,PISA,2,2006,Math,547,93,392,426,485,612,664,694,552,543,NA,NA,NA,NA,NA,NA,NA,NA,NA,NA,NA,NA,NA,NA,NA,NA,NA,NA,NA,NA,NA,NA,NA,NA,NA,NA,NA
Luxembourg,Western,PISA,2,2006,Math,490,93,332,368,426,555,610,641,498,482,NA,NA,NA,NA,NA,NA,NA,NA,NA,NA,NA,NA,NA,NA,NA,NA,NA,NA,NA,NA,NA,NA,NA,NA,NA,NA,NA
Mexico,Western,PISA,2,2006,Math,406,85,268,299,349,463,514,546,410,401,NA,NA,NA,NA,NA,NA,NA,NA,NA,NA,NA,NA,NA,NA,NA,NA,NA,NA,NA,NA,NA,NA,NA,NA,NA,NA,NA
Netherlands,Western,PISA,2,2006,Math,531,89,382,412,467,596,645,672,537,524,NA,NA,NA,NA,NA,NA,NA,NA,NA,NA,NA,NA,NA,NA,NA,NA,NA,NA,NA,NA,NA,NA,NA,NA,NA,NA,NA
New Zealand,Western,PISA,2,2006,Math,522,93,368,401,458,587,643,674,527,517,NA,NA,NA,NA,NA,NA,NA,NA,NA,NA,NA,NA,NA,NA,NA,NA,NA,NA,NA,NA,NA,NA,NA,NA,NA,NA,NA
Norway,Western,PISA,2,2006,Math,490,92,339,373,428,552,609,638,493,487,NA,NA,NA,NA,NA,NA,NA,NA,NA,NA,NA,NA,NA,NA,NA,NA,NA,NA,NA,NA,NA,NA,NA,NA,NA,NA,NA
Poland,Western,PISA,2,2006,Math,495,87,353,384,435,557,610,638,500,491,NA,NA,NA,NA,NA,NA,NA,NA,NA,NA,NA,NA,NA,NA,NA,NA,NA,NA,NA,NA,NA,NA,NA,NA,NA,NA,NA
Portugal,Western,PISA,2,2006,Math,466,91,315,348,404,530,583,612,474,459,NA,NA,NA,NA,NA,NA,NA,NA,NA,NA,NA,NA,NA,NA,NA,NA,NA,NA,NA,NA,NA,NA,NA,NA,NA,NA,NA
Slovak Republic,Eastern,PISA,2,2006,Math,492,95,333,370,433,558,611,640,499,485,NA,NA,NA,NA,NA,NA,NA,NA,NA,NA,NA,NA,NA,NA,NA,NA,NA,NA,NA,NA,NA,NA,NA,NA,NA,NA,NA
Spain,Western,PISA,2,2006,Math,480,89,332,366,421,542,593,622,484,476,NA,NA,NA,NA,NA,NA,NA,NA,NA,NA,NA,NA,NA,NA,NA,NA,NA,NA,NA,NA,NA,NA,NA,NA,NA,NA,NA
Sweden,Western,PISA,2,2006,Math,502,90,354,387,442,565,617,649,505,500,NA,NA,NA,NA,NA,NA,NA,NA,NA,NA,NA,NA,NA,NA,NA,NA,NA,NA,NA,NA,NA,NA,NA,NA,NA,NA,NA
Switzerland,Western,PISA,2,2006,Math,530,97,362,401,464,600,652,682,536,523,NA,NA,NA,NA,NA,NA,NA,NA,NA,NA,NA,NA,NA,NA,NA,NA,NA,NA,NA,NA,NA,NA,NA,NA,NA,NA,NA
Turkey,Western,PISA,2,2006,Math,424,93,287,316,360,477,550,595,427,421,NA,NA,NA,NA,NA,NA,NA,NA,NA,NA,NA,NA,NA,NA,NA,NA,NA,NA,NA,NA,NA,NA,NA,NA,NA,NA,NA
United Kingdom,Western,PISA,2,2006,Math,495,89,351,381,434,557,612,643,504,487,NA,NA,NA,NA,NA,NA,NA,NA,NA,NA,NA,NA,NA,NA,NA,NA,NA,NA,NA,NA,NA,NA,NA,NA,NA,NA,NA
United States,Western,PISA,2,2006,Math,474,90,328,358,411,537,593,625,479,470,NA,NA,NA,NA,NA,NA,NA,NA,NA,NA,NA,NA,NA,NA,NA,NA,NA,NA,NA,NA,NA,NA,NA,NA,NA,NA,NA
Argentina,Western,PISA,2,2006,Math,381,101,209,249,316,451,508,543,388,375,NA,NA,NA,NA,NA,NA,NA,NA,NA,NA,NA,NA,NA,NA,NA,NA,NA,NA,NA,NA,NA,NA,NA,NA,NA,NA,NA
Azerbaijan,Eastern,PISA,2,2006,Math,476,48,403,419,443,505,536,556,475,477,NA,NA,NA,NA,NA,NA,NA,NA,NA,NA,NA,NA,NA,NA,NA,NA,NA,NA,NA,NA,NA,NA,NA,NA,NA,NA,NA
Brazil,Western,PISA,2,2006,Math,370,92,225,255,308,427,487,530,380,361,NA,NA,NA,NA,NA,NA,NA,NA,NA,NA,NA,NA,NA,NA,NA,NA,NA,NA,NA,NA,NA,NA,NA,NA,NA,NA,NA
Bulgaria,Eastern,PISA,2,2006,Math,413,101,251,287,345,481,543,583,412,415,NA,NA,NA,NA,NA,NA,NA,NA,NA,NA,NA,NA,NA,NA,NA,NA,NA,NA,NA,NA,NA,NA,NA,NA,NA,NA,NA
Chile,Western,PISA,2,2006,Math,411,87,273,302,350,470,527,561,424,396,NA,NA,NA,NA,NA,NA,NA,NA,NA,NA,NA,NA,NA,NA,NA,NA,NA,NA,NA,NA,NA,NA,NA,NA,NA,NA,NA
Colombia,Western,PISA,2,2006,Math,370,88,226,258,311,428,482,515,382,360,NA,NA,NA,NA,NA,NA,NA,NA,NA,NA,NA,NA,NA,NA,NA,NA,NA,NA,NA,NA,NA,NA,NA,NA,NA,NA,NA
Croatia,Eastern,PISA,2,2006,Math,467,83,332,361,410,524,576,605,474,461,NA,NA,NA,NA,NA,NA,NA,NA,NA,NA,NA,NA,NA,NA,NA,NA,NA,NA,NA,NA,NA,NA,NA,NA,NA,NA,NA
Estonia,Eastern,PISA,2,2006,Math,515,80,381,411,461,570,618,646,515,514,NA,NA,NA,NA,NA,NA,NA,NA,NA,NA,NA,NA,NA,NA,NA,NA,NA,NA,NA,NA,NA,NA,NA,NA,NA,NA,NA
Hong Kong SAR,Eastern,PISA,2,2006,Math,547,93,386,423,486,614,665,692,555,540,NA,NA,NA,NA,NA,NA,NA,NA,NA,NA,NA,NA,NA,NA,NA,NA,NA,NA,NA,NA,NA,NA,NA,NA,NA,NA,NA
Indonesia,Eastern,PISA,2,2006,Math,391,80,265,293,336,444,498,528,399,382,NA,NA,NA,NA,NA,NA,NA,NA,NA,NA,NA,NA,NA,NA,NA,NA,NA,NA,NA,NA,NA,NA,NA,NA,NA,NA,NA
Israel,Western,PISA,2,2006,Math,442,107,266,304,368,518,581,615,448,436,NA,NA,NA,NA,NA,NA,NA,NA,NA,NA,NA,NA,NA,NA,NA,NA,NA,NA,NA,NA,NA,NA,NA,NA,NA,NA,NA
Jordan,Western,PISA,2,2006,Math,384,84,244,279,330,441,489,519,381,388,NA,NA,NA,NA,NA,NA,NA,NA,NA,NA,NA,NA,NA,NA,NA,NA,NA,NA,NA,NA,NA,NA,NA,NA,NA,NA,NA
Kyrgyzstan,Eastern,PISA,2,2006,Math,311,87,175,204,253,363,423,465,311,310,NA,NA,NA,NA,NA,NA,NA,NA,NA,NA,NA,NA,NA,NA,NA,NA,NA,NA,NA,NA,NA,NA,NA,NA,NA,NA,NA
Latvia,Eastern,PISA,2,2006,Math,486,83,347,378,432,542,590,619,489,484,NA,NA,NA,NA,NA,NA,NA,NA,NA,NA,NA,NA,NA,NA,NA,NA,NA,NA,NA,NA,NA,NA,NA,NA,NA,NA,NA
Liechtenstein,Western,PISA,2,2006,Math,525,93,367,402,464,588,643,677,525,525,NA,NA,NA,NA,NA,NA,NA,NA,NA,NA,NA,NA,NA,NA,NA,NA,NA,NA,NA,NA,NA,NA,NA,NA,NA,NA,NA
Lithuania,Eastern,PISA,2,2006,Math,486,90,338,369,426,549,602,632,487,485,NA,NA,NA,NA,NA,NA,NA,NA,NA,NA,NA,NA,NA,NA,NA,NA,NA,NA,NA,NA,NA,NA,NA,NA,NA,NA,NA
Macao-China,Eastern,PISA,2,2006,Math,525,84,384,416,467,585,632,660,530,520,NA,NA,NA,NA,NA,NA,NA,NA,NA,NA,NA,NA,NA,NA,NA,NA,NA,NA,NA,NA,NA,NA,NA,NA,NA,NA,NA
Montenegro,Western,PISA,2,2006,Math,399,85,261,291,342,456,510,543,405,393,NA,NA,NA,NA,NA,NA,NA,NA,NA,NA,NA,NA,NA,NA,NA,NA,NA,NA,NA,NA,NA,NA,NA,NA,NA,NA,NA
Qatar,Western,PISA,2,2006,Math,318,91,187,212,257,368,438,486,311,325,NA,NA,NA,NA,NA,NA,NA,NA,NA,NA,NA,NA,NA,NA,NA,NA,NA,NA,NA,NA,NA,NA,NA,NA,NA,NA,NA
Romania,Eastern,PISA,2,2006,Math,415,84,278,307,358,470,523,557,418,412,NA,NA,NA,NA,NA,NA,NA,NA,NA,NA,NA,NA,NA,NA,NA,NA,NA,NA,NA,NA,NA,NA,NA,NA,NA,NA,NA
Russian Federation,Eastern,PISA,2,2006,Math,476,90,331,363,416,535,592,625,479,473,NA,NA,NA,NA,NA,NA,NA,NA,NA,NA,NA,NA,NA,NA,NA,NA,NA,NA,NA,NA,NA,NA,NA,NA,NA,NA,NA
Serbia,Eastern,PISA,2,2006,Math,435,92,282,318,375,498,553,584,438,433,NA,NA,NA,NA,NA,NA,NA,NA,NA,NA,NA,NA,NA,NA,NA,NA,NA,NA,NA,NA,NA,NA,NA,NA,NA,NA,NA
Slovenia,Eastern,PISA,2,2006,Math,504,89,361,390,441,566,623,654,507,502,NA,NA,NA,NA,NA,NA,NA,NA,NA,NA,NA,NA,NA,NA,NA,NA,NA,NA,NA,NA,NA,NA,NA,NA,NA,NA,NA
Chinese Taipei,Eastern,PISA,2,2006,Math,549,103,373,409,477,625,677,707,556,543,NA,NA,NA,NA,NA,NA,NA,NA,NA,NA,NA,NA,NA,NA,NA,NA,NA,NA,NA,NA,NA,NA,NA,NA,NA,NA,NA
Thailand,Western,PISA,2,2006,Math,417,81,289,317,362,470,524,558,413,420,NA,NA,NA,NA,NA,NA,NA,NA,NA,NA,NA,NA,NA,NA,NA,NA,NA,NA,NA,NA,NA,NA,NA,NA,NA,NA,NA
Tunisia,Western,PISA,2,2006,Math,365,92,219,250,301,427,488,522,373,358,NA,NA,NA,NA,NA,NA,NA,NA,NA,NA,NA,NA,NA,NA,NA,NA,NA,NA,NA,NA,NA,NA,NA,NA,NA,NA,NA
Uruguay,Western,PISA,2,2006,Math,427,99,261,296,360,495,551,587,433,420,NA,NA,NA,NA,NA,NA,NA,NA,NA,NA,NA,NA,NA,NA,NA,NA,NA,NA,NA,NA,NA,NA,NA,NA,NA,NA,NA
Australia,Western,PISA,2,2006,Science,527,100,358,395,459,598,653,685,527,527,NA,NA,NA,NA,NA,NA,NA,NA,NA,NA,NA,NA,NA,NA,NA,NA,NA,NA,NA,NA,NA,NA,NA,NA,NA,NA,NA
Austria,Western,PISA,2,2006,Science,511,98,341,378,443,582,633,663,515,507,NA,NA,NA,NA,NA,NA,NA,NA,NA,NA,NA,NA,NA,NA,NA,NA,NA,NA,NA,NA,NA,NA,NA,NA,NA,NA,NA
Belgium,Western,PISA,2,2006,Science,510,100,336,374,442,584,634,660,511,510,NA,NA,NA,NA,NA,NA,NA,NA,NA,NA,NA,NA,NA,NA,NA,NA,NA,NA,NA,NA,NA,NA,NA,NA,NA,NA,NA
Canada,Western,PISA,2,2006,Science,534,94,372,410,472,601,651,681,536,532,NA,NA,NA,NA,NA,NA,NA,NA,NA,NA,NA,NA,NA,NA,NA,NA,NA,NA,NA,NA,NA,NA,NA,NA,NA,NA,NA
Czech Republic,Eastern,PISA,2,2006,Science,513,98,350,385,443,583,641,672,515,510,NA,NA,NA,NA,NA,NA,NA,NA,NA,NA,NA,NA,NA,NA,NA,NA,NA,NA,NA,NA,NA,NA,NA,NA,NA,NA,NA
Denmark,Western,PISA,2,2006,Science,496,93,341,373,432,562,615,646,500,491,NA,NA,NA,NA,NA,NA,NA,NA,NA,NA,NA,NA,NA,NA,NA,NA,NA,NA,NA,NA,NA,NA,NA,NA,NA,NA,NA
Finland,Western,PISA,2,2006,Science,563,86,419,453,506,622,673,700,562,565,NA,NA,NA,NA,NA,NA,NA,NA,NA,NA,NA,NA,NA,NA,NA,NA,NA,NA,NA,NA,NA,NA,NA,NA,NA,NA,NA
France,Western,PISA,2,2006,Science,495,102,320,359,424,570,623,653,497,494,NA,NA,NA,NA,NA,NA,NA,NA,NA,NA,NA,NA,NA,NA,NA,NA,NA,NA,NA,NA,NA,NA,NA,NA,NA,NA,NA
Germany,Western,PISA,2,2006,Science,516,100,345,381,447,587,642,672,519,512,NA,NA,NA,NA,NA,NA,NA,NA,NA,NA,NA,NA,NA,NA,NA,NA,NA,NA,NA,NA,NA,NA,NA,NA,NA,NA,NA
Greece,Western,PISA,2,2006,Science,473,92,317,353,413,537,589,619,468,479,NA,NA,NA,NA,NA,NA,NA,NA,NA,NA,NA,NA,NA,NA,NA,NA,NA,NA,NA,NA,NA,NA,NA,NA,NA,NA,NA
Hungary,Western,PISA,2,2006,Science,504,88,358,388,442,566,617,646,507,501,NA,NA,NA,NA,NA,NA,NA,NA,NA,NA,NA,NA,NA,NA,NA,NA,NA,NA,NA,NA,NA,NA,NA,NA,NA,NA,NA
Iceland,Western,PISA,2,2006,Science,491,97,328,364,424,560,614,644,488,494,NA,NA,NA,NA,NA,NA,NA,NA,NA,NA,NA,NA,NA,NA,NA,NA,NA,NA,NA,NA,NA,NA,NA,NA,NA,NA,NA
Ireland,Western,PISA,2,2006,Science,508,94,351,385,444,575,630,660,508,509,NA,NA,NA,NA,NA,NA,NA,NA,NA,NA,NA,NA,NA,NA,NA,NA,NA,NA,NA,NA,NA,NA,NA,NA,NA,NA,NA
Italy,Western,PISA,2,2006,Science,475,96,318,351,409,543,598,630,477,474,NA,NA,NA,NA,NA,NA,NA,NA,NA,NA,NA,NA,NA,NA,NA,NA,NA,NA,NA,NA,NA,NA,NA,NA,NA,NA,NA
Japan,Eastern,PISA,2,2006,Science,531,100,356,396,465,603,654,685,533,530,NA,NA,NA,NA,NA,NA,NA,NA,NA,NA,NA,NA,NA,NA,NA,NA,NA,NA,NA,NA,NA,NA,NA,NA,NA,NA,NA
Korea,Eastern,PISA,2,2006,Science,522,90,367,403,462,586,635,662,521,523,NA,NA,NA,NA,NA,NA,NA,NA,NA,NA,NA,NA,NA,NA,NA,NA,NA,NA,NA,NA,NA,NA,NA,NA,NA,NA,NA
Luxembourg,Western,PISA,2,2006,Science,486,97,322,358,419,556,609,640,491,482,NA,NA,NA,NA,NA,NA,NA,NA,NA,NA,NA,NA,NA,NA,NA,NA,NA,NA,NA,NA,NA,NA,NA,NA,NA,NA,NA
Mexico,Western,PISA,2,2006,Science,410,81,281,306,354,465,516,544,413,406,NA,NA,NA,NA,NA,NA,NA,NA,NA,NA,NA,NA,NA,NA,NA,NA,NA,NA,NA,NA,NA,NA,NA,NA,NA,NA,NA
Netherlands,Western,PISA,2,2006,Science,525,96,362,395,456,596,646,675,528,521,NA,NA,NA,NA,NA,NA,NA,NA,NA,NA,NA,NA,NA,NA,NA,NA,NA,NA,NA,NA,NA,NA,NA,NA,NA,NA,NA
New Zealand,Western,PISA,2,2006,Science,530,107,347,389,455,608,667,699,528,532,NA,NA,NA,NA,NA,NA,NA,NA,NA,NA,NA,NA,NA,NA,NA,NA,NA,NA,NA,NA,NA,NA,NA,NA,NA,NA,NA
Norway,Western,PISA,2,2006,Science,487,96,328,365,422,553,610,641,484,489,NA,NA,NA,NA,NA,NA,NA,NA,NA,NA,NA,NA,NA,NA,NA,NA,NA,NA,NA,NA,NA,NA,NA,NA,NA,NA,NA
Poland,Western,PISA,2,2006,Science,498,90,352,381,434,562,615,645,500,496,NA,NA,NA,NA,NA,NA,NA,NA,NA,NA,NA,NA,NA,NA,NA,NA,NA,NA,NA,NA,NA,NA,NA,NA,NA,NA,NA
Portugal,Western,PISA,2,2006,Science,474,89,329,357,411,539,588,617,477,472,NA,NA,NA,NA,NA,NA,NA,NA,NA,NA,NA,NA,NA,NA,NA,NA,NA,NA,NA,NA,NA,NA,NA,NA,NA,NA,NA
Slovak Republic,Eastern,PISA,2,2006,Science,488,93,334,368,426,555,609,638,491,485,NA,NA,NA,NA,NA,NA,NA,NA,NA,NA,NA,NA,NA,NA,NA,NA,NA,NA,NA,NA,NA,NA,NA,NA,NA,NA,NA
Spain,Western,PISA,2,2006,Science,488,91,338,370,427,552,604,633,491,486,NA,NA,NA,NA,NA,NA,NA,NA,NA,NA,NA,NA,NA,NA,NA,NA,NA,NA,NA,NA,NA,NA,NA,NA,NA,NA,NA
Sweden,Western,PISA,2,2006,Science,503,94,347,381,439,569,622,654,504,503,NA,NA,NA,NA,NA,NA,NA,NA,NA,NA,NA,NA,NA,NA,NA,NA,NA,NA,NA,NA,NA,NA,NA,NA,NA,NA,NA
Switzerland,Western,PISA,2,2006,Science,512,99,340,378,445,584,636,665,514,509,NA,NA,NA,NA,NA,NA,NA,NA,NA,NA,NA,NA,NA,NA,NA,NA,NA,NA,NA,NA,NA,NA,NA,NA,NA,NA,NA
Turkey,Western,PISA,2,2006,Science,424,83,301,325,366,475,540,575,418,430,NA,NA,NA,NA,NA,NA,NA,NA,NA,NA,NA,NA,NA,NA,NA,NA,NA,NA,NA,NA,NA,NA,NA,NA,NA,NA,NA
United Kingdom,Western,PISA,2,2006,Science,515,107,337,376,441,590,652,685,520,510,NA,NA,NA,NA,NA,NA,NA,NA,NA,NA,NA,NA,NA,NA,NA,NA,NA,NA,NA,NA,NA,NA,NA,NA,NA,NA,NA
United States,Western,PISA,2,2006,Science,489,106,318,349,412,567,628,662,489,489,NA,NA,NA,NA,NA,NA,NA,NA,NA,NA,NA,NA,NA,NA,NA,NA,NA,NA,NA,NA,NA,NA,NA,NA,NA,NA,NA
Argentina,Western,PISA,2,2006,Science,391,101,218,259,324,461,520,555,384,397,NA,NA,NA,NA,NA,NA,NA,NA,NA,NA,NA,NA,NA,NA,NA,NA,NA,NA,NA,NA,NA,NA,NA,NA,NA,NA,NA
Azerbaijan,Eastern,PISA,2,2006,Science,382,56,300,316,344,414,456,485,379,386,NA,NA,NA,NA,NA,NA,NA,NA,NA,NA,NA,NA,NA,NA,NA,NA,NA,NA,NA,NA,NA,NA,NA,NA,NA,NA,NA
Brazil,Western,PISA,2,2006,Science,390,89,254,281,328,447,510,549,395,386,NA,NA,NA,NA,NA,NA,NA,NA,NA,NA,NA,NA,NA,NA,NA,NA,NA,NA,NA,NA,NA,NA,NA,NA,NA,NA,NA
Bulgaria,Eastern,PISA,2,2006,Science,434,107,266,300,358,509,577,612,426,443,NA,NA,NA,NA,NA,NA,NA,NA,NA,NA,NA,NA,NA,NA,NA,NA,NA,NA,NA,NA,NA,NA,NA,NA,NA,NA,NA
Chile,Western,PISA,2,2006,Science,438,92,295,323,374,501,560,595,448,426,NA,NA,NA,NA,NA,NA,NA,NA,NA,NA,NA,NA,NA,NA,NA,NA,NA,NA,NA,NA,NA,NA,NA,NA,NA,NA,NA
Colombia,Western,PISA,2,2006,Science,388,85,247,280,332,445,496,528,393,384,NA,NA,NA,NA,NA,NA,NA,NA,NA,NA,NA,NA,NA,NA,NA,NA,NA,NA,NA,NA,NA,NA,NA,NA,NA,NA,NA
Croatia,Eastern,PISA,2,2006,Science,493,86,354,383,433,553,604,634,492,494,NA,NA,NA,NA,NA,NA,NA,NA,NA,NA,NA,NA,NA,NA,NA,NA,NA,NA,NA,NA,NA,NA,NA,NA,NA,NA,NA
Estonia,Eastern,PISA,2,2006,Science,531,84,392,422,474,589,640,668,530,533,NA,NA,NA,NA,NA,NA,NA,NA,NA,NA,NA,NA,NA,NA,NA,NA,NA,NA,NA,NA,NA,NA,NA,NA,NA,NA,NA
Hong Kong SAR,Eastern,PISA,2,2006,Science,542,92,380,418,482,609,655,682,546,539,NA,NA,NA,NA,NA,NA,NA,NA,NA,NA,NA,NA,NA,NA,NA,NA,NA,NA,NA,NA,NA,NA,NA,NA,NA,NA,NA
Indonesia,Eastern,PISA,2,2006,Science,393,70,286,307,345,438,488,518,399,387,NA,NA,NA,NA,NA,NA,NA,NA,NA,NA,NA,NA,NA,NA,NA,NA,NA,NA,NA,NA,NA,NA,NA,NA,NA,NA,NA
Israel,Western,PISA,2,2006,Science,454,111,275,310,374,535,601,636,456,452,NA,NA,NA,NA,NA,NA,NA,NA,NA,NA,NA,NA,NA,NA,NA,NA,NA,NA,NA,NA,NA,NA,NA,NA,NA,NA,NA
Jordan,Western,PISA,2,2006,Science,422,90,276,309,362,484,537,568,408,436,NA,NA,NA,NA,NA,NA,NA,NA,NA,NA,NA,NA,NA,NA,NA,NA,NA,NA,NA,NA,NA,NA,NA,NA,NA,NA,NA
Kyrgyzstan,Eastern,PISA,2,2006,Science,322,84,191,220,267,372,428,468,319,325,NA,NA,NA,NA,NA,NA,NA,NA,NA,NA,NA,NA,NA,NA,NA,NA,NA,NA,NA,NA,NA,NA,NA,NA,NA,NA,NA
Latvia,Eastern,PISA,2,2006,Science,490,84,348,380,432,547,597,627,486,493,NA,NA,NA,NA,NA,NA,NA,NA,NA,NA,NA,NA,NA,NA,NA,NA,NA,NA,NA,NA,NA,NA,NA,NA,NA,NA,NA
Liechtenstein,Western,PISA,2,2006,Science,522,97,358,393,457,591,643,675,516,527,NA,NA,NA,NA,NA,NA,NA,NA,NA,NA,NA,NA,NA,NA,NA,NA,NA,NA,NA,NA,NA,NA,NA,NA,NA,NA,NA
Lithuania,Eastern,PISA,2,2006,Science,488,90,340,370,425,551,604,633,483,493,NA,NA,NA,NA,NA,NA,NA,NA,NA,NA,NA,NA,NA,NA,NA,NA,NA,NA,NA,NA,NA,NA,NA,NA,NA,NA,NA
Macao-China,Eastern,PISA,2,2006,Science,511,78,378,409,458,566,611,635,513,509,NA,NA,NA,NA,NA,NA,NA,NA,NA,NA,NA,NA,NA,NA,NA,NA,NA,NA,NA,NA,NA,NA,NA,NA,NA,NA,NA
Montenegro,Western,PISA,2,2006,Science,412,80,286,312,355,466,517,549,411,413,NA,NA,NA,NA,NA,NA,NA,NA,NA,NA,NA,NA,NA,NA,NA,NA,NA,NA,NA,NA,NA,NA,NA,NA,NA,NA,NA
Qatar,Western,PISA,2,2006,Science,349,84,229,253,292,396,462,505,334,365,NA,NA,NA,NA,NA,NA,NA,NA,NA,NA,NA,NA,NA,NA,NA,NA,NA,NA,NA,NA,NA,NA,NA,NA,NA,NA,NA
Romania,Eastern,PISA,2,2006,Science,418,81,291,314,361,473,526,557,417,419,NA,NA,NA,NA,NA,NA,NA,NA,NA,NA,NA,NA,NA,NA,NA,NA,NA,NA,NA,NA,NA,NA,NA,NA,NA,NA,NA
Russian Federation,Eastern,PISA,2,2006,Science,479,90,333,364,418,541,596,627,481,478,NA,NA,NA,NA,NA,NA,NA,NA,NA,NA,NA,NA,NA,NA,NA,NA,NA,NA,NA,NA,NA,NA,NA,NA,NA,NA,NA
Serbia,Eastern,PISA,2,2006,Science,436,85,297,327,377,495,545,576,433,438,NA,NA,NA,NA,NA,NA,NA,NA,NA,NA,NA,NA,NA,NA,NA,NA,NA,NA,NA,NA,NA,NA,NA,NA,NA,NA,NA
Slovenia,Eastern,PISA,2,2006,Science,519,98,358,391,449,589,647,680,515,523,NA,NA,NA,NA,NA,NA,NA,NA,NA,NA,NA,NA,NA,NA,NA,NA,NA,NA,NA,NA,NA,NA,NA,NA,NA,NA,NA
Chinese Taipei,Eastern,PISA,2,2006,Science,532,94,369,402,466,602,651,676,536,529,NA,NA,NA,NA,NA,NA,NA,NA,NA,NA,NA,NA,NA,NA,NA,NA,NA,NA,NA,NA,NA,NA,NA,NA,NA,NA,NA
Thailand,Western,PISA,2,2006,Science,421,77,300,325,368,471,524,554,411,428,NA,NA,NA,NA,NA,NA,NA,NA,NA,NA,NA,NA,NA,NA,NA,NA,NA,NA,NA,NA,NA,NA,NA,NA,NA,NA,NA
Tunisia,Western,PISA,2,2006,Science,386,82,254,283,328,440,495,527,383,388,NA,NA,NA,NA,NA,NA,NA,NA,NA,NA,NA,NA,NA,NA,NA,NA,NA,NA,NA,NA,NA,NA,NA,NA,NA,NA,NA
Uruguay,Western,PISA,2,2006,Science,428,94,274,306,363,493,550,583,427,430,NA,NA,NA,NA,NA,NA,NA,NA,NA,NA,NA,NA,NA,NA,NA,NA,NA,NA,NA,NA,NA,NA,NA,NA,NA,NA,NA
